AdID,CategoryID,Price
6077,34,3830.0
8742,50,6778.0
6405,22,2800.0
7660,51,2810.0
6149,47,4668.0
15653,41,30.0
10821,50,5699.0
16637,26,7800.0
1601,52,331.0
10290,38,11200.0
130,60,2695.0
4441,60,711.0
6854,22,1399.0
8567,22,5099.0
12603,60,999.0
9356,34,4510.0
7021,50,4620.0
16284,34,3920.0
11069,52,601.0
13593,38,79000.0
8024,34,3950.0
12798,34,3820.0
12377,34,14900.0
1281,34,4850.0
11540,34,54000.0
13214,13,1990.0
16267,38,19060.0
6778,51,8273.0
8013,60,879.0
6723,29,10286.0
15954,38,7840.0
1906,37,12000.0
17003,34,3940.0
11620,57,229.0
3914,50,105.0
17239,34,0.5
17068,38,2550.0
8899,38,11980.0
11809,34,12870.0
15871,44,19990.0
522,22,1499.0
9929,60,1387.0
4979,22,2490.0
14079,29,369.0
10540,34,76270.0
5106,22,3349.0
10489,50,1880.0
3707,47,700.0
8813,34,13860.0
13906,22,2079.0
944,5,2340.0
7505,22,5099.0
3672,52,323.0
5979,50,363.0
11011,60,2639.0
9060,60,671.0
4900,50,47033.0
8305,38,9570.0
16723,47,6190.0
2229,22,2299.0
3089,50,875.0
8931,29,4289.0
14000,47,22850.0
13353,34,14159.0
688,34,5000.0
14213,38,4700.0
3051,11,28000.0
15747,67,10400000.0
14285,11,17300.0
14196,50,2290.0
15247,22,2799.0
16916,60,478.0
11154,47,2190.0
7635,34,7760.0
5455,50,2939.0
8259,27,6790.0
15082,41,13990.0
13855,38,12290.0
156,16,9642.0
2747,60,1099.0
5569,4,35910.0
1020,50,2159.0
882,27,600.0
8472,34,3860.0
16304,60,567.0
14603,38,12400.0
5593,38,9800.0
16453,50,3200.0
4206,5,2637.0
6858,25,8999.0
15542,47,5990.0
8645,13,2590.0
3958,34,3860.0
16018,34,4980.0
10933,60,1679.0
8309,34,4900.0
3048,22,4769.0
394,34,3920.0
2543,52,434.0
14927,22,1950.0
11412,41,5990.0
10143,38,710.0
11538,27,1900.0
16862,34,8000.0
1498,22,2479.0
17341,37,25000.0
7498,34,6352.0
13799,47,1890.0
4748,22,990.0
16580,4,4500.0
12550,38,4200.0
17133,34,170000.0
6087,57,1005.0
24,34,5910.0
7204,47,4472.0
13757,47,1090.0
13631,53,16000.0
14906,60,690.0
14202,38,1950.0
12807,60,1039.0
2815,22,12880.0
11934,44,4490.0
7000,9,3790.0
2478,22,2249.0
16630,60,508.0
11966,50,13000.0
2028,52,487.0
14268,27,81690.0
5114,41,34990.0
6739,34,3490.0
12423,34,4710.0
14302,38,21800.0
11023,26,2388.0
14212,34,6199.5
15748,27,6490.0
11418,34,4410.0
12104,34,6690.0
13988,25,9990.0
2645,13,1290.0
199,26,13900.0
2175,34,14000.0
14095,22,6792.0
6664,41,890.0
5540,34,1816.0
12485,5,1298.0
5109,34,5000.0
514,41,3490.0
3327,34,1.0
4706,34,3990.0
1336,51,115990.0
9771,60,879.0
2322,52,487.0
16056,11,28800.0
12571,60,671.0
4720,22,6500.0
13759,51,19990.0
14689,41,16990.0
4922,47,3458.0
14437,38,1131.0
8550,34,4900.0
14249,22,4699.0
13171,38,34990.0
3178,60,510.0
14520,36,17900.0
16911,26,17999.0
4597,50,5875.0
6971,60,2429.0
13176,34,4190.0
13935,27,30990.0
1460,60,469.0
7844,38,7990.0
5466,47,5800.0
14604,26,22990.0
16436,34,8820.0
4252,34,4930.0
9184,41,1190.0
8223,26,9910.0
3669,34,9429.0
2232,38,16350.0
7154,22,3299.0
2340,16,16290.0
5340,38,5500.0
9952,50,55.0
12598,34,63380.0
5374,38,19490.0
4430,13,2390.0
3747,38,11770.0
4671,47,3837.0
14643,34,3510.0
12222,50,1290.0
13475,38,12390.0
1197,60,770.0
14537,38,36700.0
7903,34,1.0
10467,34,8830.0
10237,34,9000.0
11337,5,256312.0
15161,50,10229.0
11019,50,1042.0
9075,38,23900.0
15104,22,1699.0
8671,27,4990.0
15017,60,3499.0
367,27,4650.0
16920,22,2690.0
216,34,2170.0
1,34,4810.0
16486,38,2710.0
1408,60,2674.0
4180,22,4900.0
3166,27,95990.0
16022,9,630.0
10081,41,5490.0
13627,22,5200.0
7352,47,1547.0
4525,27,65000.0
16197,60,635.0
783,34,10000.0
12322,41,24990.0
3201,47,1761.0
15955,38,12000.0
5763,34,3930.0
3067,34,6860.0
14644,50,2790.0
10181,57,363.0
14001,38,5593.0
10858,25,14990.0
10682,22,2599.0
8517,22,3992.0
4021,47,1090.0
4138,60,789.0
12682,50,185.0
4507,38,7506.0
4305,38,7400.0
4860,29,3999.0
13531,37,35000.0
14417,4,4590.0
14722,34,3960.0
228,38,11028.0
7050,11,16330.0
3935,22,5699.0
6140,47,1025.0
16397,27,20990.0
5435,22,2999.0
7811,60,3759.0
4846,38,21341.0
13284,47,3590.0
14860,4,18000.0
1002,53,82000.0
1062,9,2100.0
14536,41,160.0
7043,11,15330.0
8415,53,690000.0
1733,9,480.0
10407,60,1181.0
491,57,183.0
17152,38,12140.0
8610,34,3870.0
6112,5,1899.0
14786,34,3690.0
10158,34,5000.0
672,27,18990.0
15344,60,729.0
8901,34,69400.0
6194,60,778.0
6475,22,2990.0
16472,27,1600.0
5671,25,18990.0
6088,60,1099.0
12467,22,4490.0
12496,34,4000.0
8342,22,3999.0
4891,27,7800.0
80,34,16000.0
14098,29,3131.0
12775,34,4560.0
16407,50,1749.0
2240,22,1699.0
8156,50,7400.0
8903,22,4949.0
9093,34,5840.0
9839,44,15678.0
13515,50,1990.0
6078,22,3612.0
2203,41,490.0
11813,22,2559.0
11992,22,8743.0
9562,34,9900.0
14296,26,37382.0
1788,27,4200.0
12212,53,7470.0
13455,38,12490.0
15229,34,57000.0
1789,26,34350.0
15640,34,3890.0
3454,47,2890.0
4269,47,25800.0
12105,4,12890.0
5245,34,3980.0
4227,38,36200.0
16345,67,568500.0
11702,22,3299.0
3293,50,66007.0
11885,22,15680.0
15210,38,39800.0
14607,47,15050.0
6032,34,7840.0
14649,38,5200.0
13075,50,498.0
889,50,46345.0
16513,34,490.0
14679,57,144.0
6749,60,2442.0
1124,50,9701.0
2042,38,70277.0
13287,22,3290.0
8651,22,1699.0
7449,27,45909.0
13582,11,44990.0
9779,22,6099.0
20,60,3119.0
5161,57,220.0
848,53,7700.0
173,26,8990.0
5664,25,2840.0
17256,22,1549.0
6157,41,800.0
2069,60,4699.0
3061,29,950.0
2189,34,16900.0
15603,47,7900.0
3389,41,1290.0
2004,44,24990.0
799,22,2800.0
15598,38,7365.0
4713,47,2809.0
15038,34,15870.0
5860,37,50000.0
13998,27,1300.0
2798,47,1490.0
1776,29,1370.0
16498,22,1300.0
16540,38,14990.0
14719,60,1649.0
15428,22,5699.0
15067,34,24000.0
3773,52,457.0
3119,22,6290.0
17270,34,8010.0
9944,51,17090.0
3973,34,2590.0
10176,34,58900.0
5408,22,1199.0
12725,26,1234.0
1236,22,5099.0
8707,22,905.0
10375,47,669.0
10605,26,6989.0
12190,34,0.0
16639,27,22990.0
4005,38,8900.0
14818,27,22190.0
16186,50,569.0
7757,34,14100.0
13922,38,6370.0
13322,38,8900.0
619,5,8950.0
6333,47,650.0
3940,22,5200.0
7295,57,62.0
7910,34,15950.0
9966,50,80720.0
8237,38,4069.0
1128,22,2800.0
16292,5,1390.0
116,22,1519.0
938,26,37990.0
2198,38,7950.0
6530,60,636.0
2441,38,1400.0
5406,41,2990.0
12942,38,6050.0
6512,38,62990.0
8129,38,1008.0
2561,38,8600.0
582,34,1500.0
14238,34,4960.0
8091,34,5500.0
12718,5,1152.0
14198,38,27256.0
4667,38,6990.0
1361,34,3980.0
1549,34,14990.0
7490,34,12780.0
153,34,6600.0
5550,34,3510.0
17061,41,8990.0
9405,22,3690.0
11836,13,2690.0
10022,27,35990.0
3575,22,23992.0
12699,34,16600.0
9886,38,14799.0
7981,25,12990.0
3096,50,1040.0
12965,11,9790.0
3442,27,15990.0
10289,47,6390.0
10941,60,1248.0
6541,34,6850.0
8993,29,2190.0
8160,34,3990.0
3654,27,17990.0
8810,22,3390.0
1736,38,1661.0
4823,50,629.0
2132,27,4250.0
17502,34,14500.0
13329,34,15900.0
9477,22,1099.0
15549,34,15578.0
12433,37,65000.0
3373,13,1190.0
6222,26,79990.0
3659,34,1.0
13072,60,2358.0
17211,34,4830.0
13022,44,22970.0
7386,13,1190.0
7412,50,1350.0
10971,57,349.0
13651,38,11800.0
17124,34,16400.0
463,2,74990.0
5708,38,6780.0
1000,34,2195.0
2145,34,14850.0
970,50,1190.0
3441,60,815.0
7578,50,14283.0
12036,60,10500.0
7668,22,1199.0
13080,41,1450.0
12709,34,1890.0
1326,53,7300.0
12197,22,3000.0
9586,41,2900.0
15148,38,4950.0
4598,60,474.0
1538,37,54000.0
15322,38,9990.0
9891,50,4990.0
3474,34,250.0
12413,34,9000.0
12214,36,53990.0
5434,27,27670.0
7259,22,5900.0
1147,38,456.0
5269,51,18200.0
9806,27,5490.0
16290,34,3580.0
16841,57,1600.0
6572,25,2500.0
1655,34,3920.0
10785,25,30990.0
4140,38,6620.0
17205,26,50900.0
6680,22,7999.0
9059,27,3950.0
16409,26,22581.0
8308,50,49637.0
13183,11,10990.0
11667,37,8000.0
8148,11,29990.0
14494,38,18000.0
5829,22,1279.0
12822,47,2210.0
11852,41,18740.0
7540,50,9410.0
14197,47,930.0
10878,34,2950.0
8182,50,186.0
1380,26,2389.0
6005,34,8000.0
5529,50,5472.0
6058,22,1990.0
16132,34,2390.0
12356,16,10290.0
9171,22,1879.0
1623,22,4900.0
12018,50,1790.0
8504,34,1300.0
15757,60,699.0
12747,27,10990.0
6734,41,490.0
6415,27,21490.0
860,53,96135.0
11407,11,43990.0
15474,38,8090.0
1490,22,1759.0
9757,9,1890.0
3890,34,195.0
12145,67,965000.0
7922,38,784.0
8992,38,10100.0
16780,41,18740.0
9850,38,22880.0
6486,50,18490.0
3599,4,8495.0
15121,22,1900.0
15256,38,14640.0
8312,47,7200.0
1488,50,5105.0
11792,11,250.0
11186,11,38990.0
2793,34,8500.0
11522,5,1143.0
2519,29,5669.0
102,38,28620.0
16944,34,200000.0
10622,60,674.0
150,60,4999.0
9690,27,5506.0
15301,38,6000.0
13411,38,15350.0
6241,11,13710.0
14514,34,5000.0
6324,35,17450.0
2720,60,891.0
15043,60,839.0
12577,22,4490.0
8001,38,6990.0
6342,22,1999.0
6074,5,800.0
6375,22,1399.0
2051,60,849.0
16969,34,55600.0
2219,60,1119.0
10282,60,3119.0
12806,5,6990.0
10586,38,2500.0
4451,4,14840.0
1040,34,6000.0
10760,38,8100.0
1437,22,8299.0
10090,47,2398.0
8042,29,570.0
3616,60,1039.0
12479,60,480.0
2859,52,325.0
7509,34,3990.0
16507,38,87750.0
690,41,13990.0
1180,38,1785.0
4146,60,1636.0
1701,27,1879.0
2481,22,4499.0
1449,60,1679.0
15394,38,3764.0
2460,51,13788.0
7438,34,5850.0
11607,26,33900.0
9870,22,764.0
5445,22,5900.0
4716,13,32990.0
15206,34,4090.0
4175,34,45000.0
2035,27,16309.0
14138,22,2449.0
9878,38,16990.0
734,60,684.0
11356,16,1519.0
6703,60,599.0
6757,13,32990.0
10247,4,33900.0
13061,22,11649.0
1141,22,5990.0
10039,38,14950.0
12454,22,8490.0
16293,34,8860.0
11260,34,5500.0
3583,9,780.0
1832,50,4807.0
7702,26,29691.0
10987,22,1999.0
11398,60,644.0
691,60,1919.0
14325,26,2264.0
6430,38,8580.0
13178,22,2199.0
7149,34,3470.0
2398,34,105000.0
7124,50,432.5
2666,60,906.0
3738,47,1203.0
10124,11,22990.0
1335,34,4970.0
108,34,3880.0
13704,38,16050.0
5358,41,6590.0
9247,57,236.0
375,57,172.0
3443,35,2336.0
2094,44,20721.0
15068,4,12390.0
8000,16,42432.0
11049,47,654.0
692,11,6993.0
3862,34,9710.0
4258,9,2290.0
2070,27,2100.0
2587,34,990.0
13724,41,750.0
10112,60,755.0
15448,44,320.0
16910,27,20000.0
14365,22,2999.0
5869,52,484.0
3535,25,29990.0
10353,52,807.0
4913,60,778.0
10465,27,420.0
2335,38,6200.0
9913,2,29990.0
12956,22,3499.0
12615,29,1550.0
12139,50,377.0
8378,47,2199.0
15825,60,648.0
5004,38,10600.0
13388,3,42.0
1023,34,5500.0
9386,25,23990.0
16137,29,10780.0
4736,27,17490.0
1604,52,366.0
125,34,8880.0
8065,22,1990.0
2506,44,52990.0
10901,22,1949.0
15576,22,1490.0
17212,47,646.0
5600,52,459.0
11574,38,9900.0
10231,34,2600.0
6016,38,5290.0
7182,26,29061.0
7899,34,1000.0
4438,38,1400.0
11947,22,2079.0
15985,60,3099.0
17129,22,4900.0
494,29,1714.0
16647,36,34990.0
6978,34,13870.0
15733,34,16744.0
2332,34,3600.0
14330,52,559.0
10871,11,22990.0
6266,34,6000.0
16440,22,9120.0
13986,22,2899.0
12645,27,16990.0
4610,47,4090.0
13473,27,12695.0
16775,22,3349.0
8376,38,1390.0
9392,27,61000.0
16699,34,2999.0
11180,13,690.0
12254,27,2990.0
8573,50,7590.0
10178,41,11000.0
5230,34,1790.0
9355,11,1100.0
6361,22,2319.0
5126,38,11990.0
12857,50,27487.0
1915,9,1079.0
3846,4,12790.0
291,34,3850.0
5194,26,15390.0
2996,38,5550.0
854,22,1299.0
12590,22,4149.0
11863,5,1250.0
4547,60,2430.0
2158,26,17500.0
1892,27,10400.0
13620,34,5850.0
11549,38,3890.0
8372,38,790.0
3705,38,26990.0
6838,26,9600.0
4798,34,3590.0
5255,38,19900.0
12155,34,690.0
1720,60,1649.0
16857,50,10379.0
705,34,4480.0
13679,41,2690.0
13800,50,4819.0
4544,34,4790.0
6142,60,671.0
371,38,9879.0
11125,37,12000.0
1879,60,1039.0
6744,50,110.0
2087,34,4980.0
15399,38,19900.0
13960,22,1999.0
2805,34,6500.0
13746,22,4200.0
11757,22,2099.0
8851,34,3890.0
8020,22,1390.0
15956,34,4480.0
5892,50,2255.0
11525,38,11600.0
4073,50,5975.0
1897,60,879.0
10352,60,499.0
2594,27,16490.0
14327,34,9800.0
2392,29,890.0
9939,57,176.0
5379,34,3900.0
12351,53,6300.0
9242,22,1699.0
13066,22,4699.0
10194,53,16500.0
6313,34,13920.0
14777,50,10950.0
16837,50,2290.0
168,38,5259.0
11592,22,5490.0
6853,27,20190.0
1683,38,6560.0
14232,34,1550.0
14021,22,2799.0
10610,38,15550.0
12051,22,3290.0
9881,5,4499.0
11732,34,1275.0
14917,47,9690.0
7659,36,17900.0
1984,47,29700.0
1159,22,13920.0
5396,34,990.0
2435,47,880.0
15991,22,2249.0
7534,11,7590.0
12625,47,10602.0
15709,38,13400.0
9642,50,1456.0
11878,26,17518.0
599,34,648.0
8854,60,1599.0
10739,34,12100.0
8133,27,900.0
454,60,1199.0
11408,41,29990.0
15469,34,11100.0
1545,41,16990.0
19,51,16590.0
3695,27,85790.0
1882,13,3019.0
6225,47,3590.0
3824,25,21990.0
7407,34,7650.0
9911,44,59990.0
16654,22,1299.0
7644,34,3890.0
8896,60,729.0
625,22,1490.0
11163,27,1390.0
1422,60,1893.0
7790,47,1490.0
459,34,24000.0
8306,60,372.0
14084,60,449.0
16084,22,4890.0
11119,38,15703.0
12258,34,3820.0
15366,50,350.0
13712,5,949.0
1258,22,3000.0
8493,41,2990.0
11561,22,15014.0
7553,11,120000.0
7730,22,4500.0
12621,60,2949.0
16583,34,1590.0
1171,57,179.0
2705,50,2590.0
8572,5,18000.0
15360,47,590.0
629,38,7500.0
17095,22,4194.0
1839,38,9600.0
3318,2,54000.0
5619,38,6900.0
8370,41,61990.0
16446,26,1499.0
16636,34,0.0
8665,22,969.0
10959,13,1999.0
10246,29,3200.0
14326,41,18990.0
17454,60,978.0
12279,34,9780.0
7624,25,10990.0
5586,22,2319.0
12237,50,17.0
6615,9,2999.0
8281,22,2599.0
7026,38,6990.0
12842,34,45000.0
1689,50,321.0
12458,60,978.0
17346,60,885.0
324,38,12000.0
13454,57,75.0
5469,27,6690.0
7084,38,17366.0
76,34,4730.0
11434,60,1199.0
15919,22,2249.0
5782,27,25990.0
15574,25,1800.0
6598,47,3551.0
2165,29,1130.0
14521,22,2399.0
3791,60,1999.0
17067,26,4990.0
13020,60,549.0
9826,34,7000.0
6645,34,6000.0
4529,34,1.0
6910,38,20836.0
10599,47,6490.0
5699,34,3460.0
11489,11,12500.0
5041,47,690.0
6188,67,1290000.0
8630,41,21990.0
14332,47,1990.0
1794,34,96600.0
16454,57,131.0
8050,27,14990.0
12057,38,17850.0
6076,34,4290.0
17423,60,1099.0
4358,22,2249.0
9835,34,3840.0
10786,47,472.0
7266,34,6000.0
755,22,7900.0
9865,50,639.0
850,38,4750.0
4312,27,9800.0
13837,4,17210.0
1509,22,9200.0
4170,34,9000.0
2059,13,990.0
8770,26,44545.0
8542,60,2879.0
7164,5,308.0
8117,22,6969.0
1495,38,8200.0
9287,38,105800.0
17240,50,410.0
16988,22,1274.0
5781,38,6250.0
8258,22,4554.0
14864,44,10990.0
17060,25,17990.0
13715,60,3549.0
10080,60,488.0
14670,13,1599.0
8198,11,9900.0
3605,47,5490.0
15151,52,311.0
12990,60,1499.0
12966,22,5600.0
3945,60,1189.0
11493,22,1949.0
15442,34,12251.0
17235,22,1890.0
14351,22,1019.0
2188,2,39990.0
11439,47,1840.0
1129,38,3370.0
10105,22,1879.0
12301,60,698.0
309,60,4299.0
9145,41,7800.0
7562,22,1699.0
5416,22,4399.0
14632,60,1189.0
16140,34,56600.0
9489,60,519.0
11259,50,9031.0
16256,29,1978.0
17072,57,75.0
10737,34,10850.0
15798,26,18990.0
6063,60,1444.0
4602,44,102948.0
2710,50,999.0
10339,27,5840.0
13001,50,13866.0
144,22,3900.0
13350,41,790.0
13697,26,6900.0
8932,38,540000.0
987,26,18218.0
5839,27,2990.0
7272,22,650.0
15345,38,9350.0
12604,22,14990.0
13167,26,17999.0
7555,26,590.0
5206,60,359.0
16831,22,589.0
4230,27,61050.0
4069,27,31099.0
13471,51,9790.0
15622,38,54430.0
113,37,50000.0
3253,34,6850.0
9096,34,3400.0
11392,34,9000.0
5624,5,8950.0
8699,60,1199.0
9419,34,4700.0
11322,34,335.0
3558,38,6900.0
15179,22,3480.0
13735,34,4052.0
10120,38,22990.0
12913,9,1790.0
2942,34,3960.0
10018,60,2142.0
14391,22,9490.0
9415,50,509.0
5658,16,2290.0
656,11,9530.0
914,34,22500.0
12836,34,3300.0
2753,26,1489.0
15998,22,1599.0
3811,22,1699.0
8061,60,564.0
9353,34,3899.0
15776,38,4683.0
515,29,1070.0
15496,22,1499.0
4221,22,3799.0
13522,34,5870.0
10374,50,195.0
1234,22,11920.0
17056,34,1885.0
17218,34,14720.0
9762,16,5204.0
12544,27,47555.0
13071,34,4500.0
6292,38,13900.0
16935,22,1899.0
13119,22,2399.0
9726,16,11590.0
836,38,10400.0
14582,34,3860.0
12122,38,2550.0
9056,22,3990.0
7642,34,8720.0
7234,50,4825.0
7308,60,3374.0
4668,22,2300.0
17215,22,6099.0
10484,34,7810.0
15963,53,28990.0
15391,34,3520.0
7533,26,7989.0
9847,4,12500.0
11994,38,710.0
15093,60,2319.0
12065,38,7990.0
17340,9,360.0
10693,50,244.0
1752,60,1199.0
15577,27,4000.0
2336,5,4887.0
6503,22,7500.0
11330,27,61490.0
17112,22,4149.0
4511,27,19990.0
89,41,1250.0
5999,5,300.0
6688,26,1290.0
9474,11,13590.0
12567,41,690.0
7095,16,14490.0
7825,50,15750.0
657,50,4999.0
12659,9,520.0
10645,50,1155.0
8558,26,150000.0
13130,38,1500.0
13797,44,38990.0
11288,38,30000.0
958,60,860.0
12749,41,450.0
6153,47,1761.0
5204,2,24990.0
7531,34,18000.0
5907,41,42990.0
12789,38,25400.0
13375,22,2499.0
17435,26,19598.0
8424,22,3999.0
2869,41,360.0
2074,22,15990.0
1202,26,7349.0
14219,13,1190.0
11585,38,3750.0
12460,22,15680.0
14408,34,5440.0
13334,22,1099.0
2730,50,24800.0
3103,22,3249.0
5700,60,924.0
7196,25,13990.0
1343,38,11161.0
13745,27,3990.0
11331,4,11990.0
9904,29,850.0
6451,38,4350.0
15809,34,3490.0
8243,25,8890.0
13761,4,97570.0
14234,34,1400.0
8464,27,24490.0
15697,16,2659.0
16725,60,2778.0
1646,34,5960.0
11389,34,4920.0
4921,38,4790.0
13347,50,226.0
12330,34,9830.0
5712,50,2712.0
2345,38,15990.0
9339,5,19490.0
1252,47,1590.0
2421,34,3490.0
16413,46,317.0
6037,34,1890.0
7024,22,960.0
11197,34,19480.0
13979,34,3560.0
17384,26,22990.0
1958,22,16517.0
10887,22,53990.0
3651,38,46990.0
7357,34,4232.0
16655,38,76000.0
9684,27,53860.0
2152,22,1239.0
2624,34,19700.0
2518,38,22600.0
4621,34,8400.0
11028,34,6520.0
9266,34,2900.0
10422,50,2890.0
1304,26,5821.0
15630,50,799.0
11570,34,8800.0
16368,22,1519.0
4432,38,5220.0
15629,38,7500.0
12091,11,12000.0
11106,34,13200.0
6199,22,3499.0
11495,26,60000.0
12922,52,304.0
10199,60,1799.0
7476,38,2480.0
12357,2,32990.0
1645,52,473.0
16682,38,5318.0
2988,25,15990.0
8068,34,1790.0
10754,3,396.0
17149,37,35000.0
12974,22,36990.0
15269,60,341.0
8603,9,1890.0
12866,5,10788.0
13434,34,12500.0
14984,50,6675.0
7887,38,17700.0
1474,34,2390.0
3617,34,13500.0
335,50,1506.0
16705,26,23899.0
1059,34,3290.0
10781,36,27990.0
2943,41,24339.0
2009,5,4590.0
4746,36,34990.0
4735,44,14490.0
13243,34,9720.0
4603,27,20759.0
12826,22,2799.0
9195,41,29990.0
10102,38,5706.0
3600,29,2649.0
15590,34,15950.0
10191,27,30000.0
5401,22,4599.0
8263,47,4125.0
17317,2,19990.0
12195,11,22100.0
5427,22,4699.0
2254,34,10000.0
5095,26,3443.0
7337,34,1090.0
2463,50,432.5
15584,34,21700.0
12782,22,12350.0
7218,22,2599.0
14465,41,21095.0
2789,22,3200.0
8365,37,16375.0
13671,60,2199.0
14922,41,590.0
9008,34,2690.0
5276,22,2199.0
15257,38,5700.0
8506,38,8450.0
2834,60,2664.0
1661,38,1280.0
521,50,599.0
13166,60,690.0
16602,29,880.0
1219,50,47960.0
11991,53,4500.0
16675,34,5090.0
13633,27,1450.0
566,34,5850.0
13830,22,1699.0
5283,34,5590.0
7596,22,7790.0
7593,38,7865.0
13751,34,4490.0
14516,9,750.0
3080,26,6920.0
12304,38,4750.0
3803,22,6286.0
4289,27,21990.0
2665,60,1249.0
3125,41,3690.0
16941,5,28750.0
7420,38,1571.0
11761,41,12190.0
11591,27,25671.0
6376,52,347.0
15819,38,9000.0
10321,51,7990.0
4677,29,800.0
227,22,2249.0
5072,50,3245.0
10007,53,56000.0
673,53,10500.0
1796,9,1159.0
9534,2,18990.0
9110,57,519.0
6695,26,23990.0
4484,22,2690.0
11900,34,8580.0
13754,27,1800.0
11202,60,849.0
4991,34,2150.0
10476,57,420.0
11457,29,300.0
795,57,82.0
13856,29,450.0
7192,41,25990.0
231,22,7290.0
5278,50,12900.0
4465,46,787.0
7954,41,22990.0
11305,34,1331.0
15036,38,10210.0
2402,27,24590.0
9782,34,4690.0
6208,34,1900.0
12408,50,180.0
12605,60,513.0
1912,26,24230.0
16504,22,3919.0
12569,60,833.0
9105,34,3122.0
7374,38,13300.0
11921,9,2209.0
2682,60,1039.0
8923,34,2400.0
5384,34,3960.0
3983,34,10000.0
331,27,2790.0
10208,38,13850.0
11519,41,490.0
4898,38,7909.0
10382,60,1911.0
742,50,442.0
16951,46,5098.0
15693,29,1089.0
4638,60,2149.0
2466,50,10500.0
11255,22,2199.0
14609,25,9900.0
7527,60,879.0
6574,27,6980.0
5551,50,975.0
6588,60,1099.0
3727,41,590.0
14333,60,1599.0
14605,50,11229.0
7937,34,4590.0
5933,50,773.0
6469,60,1099.0
9634,34,1700.0
17370,60,3122.0
1903,22,6290.0
16471,26,1800.0
16681,5,7400.0
17157,60,478.0
9756,47,19290.0
890,50,17780.0
976,41,1090.0
15339,22,1790.0
17163,22,4499.0
11396,53,4300.0
3155,52,445.0
1722,13,3590.0
11960,27,1350.0
15106,47,2210.0
2870,22,14880.0
8691,38,1199.0
7785,34,1255.0
12059,34,5980.0
11459,60,949.0
14793,60,4399.0
2885,60,3039.0
7110,34,125.0
7011,41,1590.0
15357,38,2016.0
927,5,1530.0
17333,41,31990.0
1970,38,6150.0
2646,22,12990.0
12763,27,3600.0
1713,22,7790.0
10450,50,489.0
1284,5,1310.0
3537,22,4890.0
5409,50,3486.0
11378,38,5800.0
9930,41,160.0
4240,41,690.0
2975,60,879.0
9318,34,3570.0
14674,34,9000.0
15447,25,10811.0
2184,11,28490.0
508,44,13579.0
6388,11,4000.0
11587,22,2464.0
7724,50,276.0
5677,22,1899.0
12206,36,69990.0
10126,34,3448.0
1894,5,727.0
9201,50,13400.0
2271,60,1369.0
14374,5,460.0
5393,60,893.0
8930,47,1690.0
16424,38,70971.0
12817,60,4099.0
5506,50,5536.0
14842,44,169990.0
11112,22,11700.0
2581,34,4200.0
14297,38,12750.0
12707,60,557.0
2267,50,457.0
16572,60,2664.0
519,34,3950.0
3279,41,15990.0
14833,38,5453.0
3685,41,1290.0
10947,41,690.0
16170,22,1099.0
14375,34,4790.0
2959,34,326.0
17153,34,2550.0
3884,11,8090.0
1045,22,5999.0
6693,34,3850.0
10083,67,1000000.0
701,25,3990.0
7894,34,4870.0
8715,41,24990.0
3680,38,19380.0
1179,60,1399.0
16117,5,4845.0
3082,9,1390.0
16557,29,9590.0
16832,38,2100.0
11348,27,27999.0
12731,5,490.0
7330,5,870.0
12418,47,1659.0
15612,22,155.0
3418,60,2108.0
15686,44,5500.0
10678,34,5990.0
12403,60,671.0
8409,9,1240.0
11956,25,12250.0
5209,50,181.0
3220,47,2490.0
15944,60,1001.0
16896,60,679.0
14978,4,40400.0
14075,41,4490.0
668,38,20000.0
4740,60,1399.0
4711,5,2637.0
5787,52,318.0
9166,50,14200.0
16590,50,2590.0
16953,34,4000.0
804,57,225.0
14392,47,2191.0
3895,22,1699.0
4181,29,650.0
155,38,6990.0
3570,52,829.0
11328,27,3990.0
10459,5,698.0
9244,38,4512.0
2419,22,3190.0
3652,26,370.0
2660,22,3299.0
15103,41,7720.0
4352,29,1056.0
8433,34,3930.0
8291,34,6560.0
1142,22,1699.0
16353,34,3390.0
8363,47,1702.5
17501,34,790.0
6206,27,790.0
11886,2,17990.0
6014,2,48900.0
1480,25,3290.0
4178,41,11990.0
2417,52,421.0
1497,5,1590.0
3927,27,21190.0
2664,38,17990.0
6773,11,13290.0
15811,50,450.0
2043,34,4600.0
7349,34,4530.0
4392,60,1999.0
9152,60,969.0
5511,38,14000.0
4423,34,4870.0
10169,60,799.0
12981,38,12000.0
6771,27,17990.0
15667,38,9490.0
5864,38,18232.0
13924,25,1690.0
2142,5,1950.0
11846,22,3000.0
17246,34,4970.0
8867,27,28900.0
9695,60,1699.0
936,34,4000.0
15035,60,2999.0
13832,22,17550.0
4281,34,8500.0
16846,60,380.0
15406,26,64990.0
15355,60,1999.0
3283,22,1349.0
7993,41,9990.0
17116,11,18500.0
13623,38,5450.0
10867,38,21990.0
13578,44,39770.0
4559,52,1768.0
4892,34,5710.0
1930,38,4000.0
14448,38,10210.0
6741,26,18990.0
1145,5,3742.0
16463,13,12990.0
8883,34,8850.0
5900,60,671.0
10521,38,3570.0
10472,27,3590.0
16882,34,3500.0
3286,47,895.0
862,41,4990.0
12129,26,29120.0
13465,41,9990.0
17238,41,2500.0
15379,34,3870.0
7667,38,5790.0
2927,60,542.0
3565,22,6499.0
3492,34,6390.0
12526,38,10350.0
1075,57,1810.0
5949,27,60900.0
15635,27,15590.0
5033,25,19920.0
12445,38,6000.0
2602,37,6850.0
12892,38,5900.0
2092,5,6851.0
15960,34,110100.0
12874,27,16990.0
2693,11,9530.0
467,34,3430.0
14119,50,1490.0
15054,34,3850.0
7590,34,690.0
14849,60,1987.0
3447,34,4600.0
12640,34,5900.0
15774,41,1490.0
9694,25,2100.0
11320,34,9760.0
13394,38,9200.0
8690,26,26326.0
12033,16,7990.0
16435,4,12733.0
10833,22,3220.0
8771,47,3190.0
10631,27,61990.0
12474,34,5580.0
16948,50,9673.0
11419,22,1679.0
487,34,19800.0
8221,47,515.0
16715,50,9500.0
16461,34,4960.0
11287,34,1790.0
72,41,11990.0
6257,47,3381.0
4202,34,7730.0
8163,22,5690.0
1368,34,4590.0
1093,5,999.0
8190,22,1519.0
10546,60,969.0
13923,34,8220.0
4634,38,6325.0
8271,60,2695.0
1621,34,3044.0
3954,34,6000.0
13230,57,84.0
7426,38,4690.0
7416,22,990.0
3164,60,674.0
9488,50,13190.0
15953,5,2213.0
4833,47,599.0
13789,57,620.0
11474,22,4900.0
11506,34,4540.0
16650,22,2499.0
2915,38,5259.0
9021,38,2000.0
12305,38,7245.0
15782,38,12800.0
17075,60,388.0
2936,34,0.0
15138,41,18990.0
3837,60,1198.0
10790,29,1200.0
8356,47,2073.0
14951,57,153.0
7914,41,25945.0
8778,22,719.0
13989,34,4630.0
2555,38,3290.0
5800,50,11460.0
17371,29,3759.0
11855,4,26441.0
6252,47,799.0
8965,34,490.0
10747,41,2290.0
14972,44,29990.0
8140,22,15014.0
16686,47,2590.0
9848,13,2190.0
12977,38,27288.0
7355,57,184.0
11014,50,2840.0
15061,60,5199.0
4560,13,3019.0
13026,26,8999.0
13822,34,3190.0
3491,50,3400.0
11108,26,8890.0
3937,22,2990.0
4885,22,450.0
17188,60,1649.0
12100,57,89.0
4581,60,1198.0
2150,60,3519.0
17273,47,22590.0
15872,60,4349.0
6941,25,2790.0
12107,22,8490.0
3823,38,12020.0
16759,34,8000.0
16672,38,3272.0
9148,27,8750.0
9426,44,761.0
8712,9,1290.0
7814,26,99990.0
8805,22,3490.0
14717,50,8790.0
7053,38,129900.0
16375,26,1111.0
9804,34,1950.0
1668,26,22050.0
738,34,5690.0
14971,13,9990.0
12968,47,7590.0
11188,34,140000.0
9156,34,4850.0
12948,50,18000.0
16722,57,1999.0
2323,27,22990.0
11631,60,829.0
11121,37,25000.0
15749,34,12810.0
259,9,1190.0
11161,47,6242.0
16840,60,2399.0
13498,34,7800.0
12679,41,11990.0
2681,26,24990.0
4590,26,18990.0
16384,34,7000.0
12371,34,3730.0
4232,38,7250.0
3626,50,8491.0
1009,44,4490.0
13904,34,1500.0
17077,22,24880.0
16829,60,3759.0
10798,9,1990.0
3300,2,53990.0
16982,38,18800.0
10862,22,4699.0
6670,29,6590.0
10398,38,17500.0
12405,27,7230.0
7118,60,749.0
1787,34,1.0
12327,60,879.0
8756,22,2319.0
179,47,710.0
8299,22,2974.0
979,34,1490.0
7158,26,857.0
4901,11,8869.0
3321,22,6960.0
11611,29,1200.0
9924,34,18990.0
16502,60,755.0
58,34,5540.0
15382,60,1299.0
9529,34,3820.0
15642,38,4850.0
2344,29,3400.0
8779,22,2799.0
4096,60,959.0
1616,41,4500.0
6811,38,12000.0
10720,34,3300.0
5151,13,1990.0
3957,22,22880.0
3928,22,460.0
15654,22,1359.0
11795,25,7107.0
14795,44,65990.0
6933,50,88100.0
5688,38,7390.0
4482,38,22400.0
6747,25,2000.0
17390,34,11460.0
5011,60,764.0
15305,50,2610.0
5988,50,509.0
4808,4,11937.0
13990,38,16990.0
3955,50,2190.0
13205,22,1499.0
3376,38,6650.0
9179,22,15920.0
2819,27,6490.0
7605,34,3980.0
1717,29,389.0
14827,38,5426.0
13926,22,50.0
9954,34,2890.0
6990,22,1949.0
4330,53,37500.0
11220,22,900.0
2427,52,472.0
12148,47,1491.0
8655,34,16255.0
12245,26,67990.0
8936,38,3650.0
12777,41,17700.0
12395,38,3790.0
1397,41,590.0
7989,29,1200.0
2658,50,4690.0
5251,5,33525.0
11824,22,4160.0
11294,34,65000.0
10470,27,2800.0
13042,50,19990.0
5317,57,480.0
13502,29,5890.0
3953,38,12990.0
14257,22,2719.0
162,34,3870.0
5489,53,31000.0
13933,11,85.0
9491,57,208.0
14387,60,340.0
1089,34,3890.0
8758,5,39500.0
4102,22,2609.0
5601,22,1249.0
6671,34,1500.0
1725,2,99990.0
12349,38,11550.0
2206,34,135000.0
9915,41,11990.0
9997,26,6590.0
3205,27,19060.0
17136,60,969.0
8315,11,3590.0
8170,34,1.0
4332,50,425.0
4905,60,1309.0
2261,37,2500.0
14630,11,7190.0
10695,46,3347.0
11233,38,11250.0
6012,27,23515.0
8857,60,1344.0
16445,34,3510.0
7455,52,2976.0
14530,25,1990.0
6677,38,27700.0
17206,22,9192.0
883,60,1099.0
7383,11,7290.0
12316,25,38590.0
1418,60,1233.0
11102,38,11370.0
2040,26,1259.0
2472,22,11990.0
4703,27,6100.0
2698,41,2590.0
3077,34,2790.0
3174,26,92500.0
16786,22,3990.0
11924,38,6870.0
9332,29,2020.0
6593,38,19995.0
11649,50,2150.0
13414,13,22499.0
7657,34,516.0
12482,29,6349.0
5736,22,1759.0
870,38,1661.0
6886,22,1490.0
8962,34,3290.0
2709,57,266.0
577,34,2687.0
12858,35,2490.0
4053,60,743.0
30,34,1290.0
800,47,8240.0
11925,50,6890.0
1591,50,1915.0
1251,60,567.0
16382,22,11490.0
5201,38,117650.0
17351,41,10490.0
14534,22,2199.0
7875,38,4370.0
12489,26,13702.0
11218,5,4452.0
11101,60,1399.0
5074,38,5490.0
2244,11,250.0
8695,26,6779.0
758,9,990.0
7313,57,269.0
11782,34,3430.0
1907,41,3300.0
10681,50,2748.0
5908,29,3990.0
8980,50,5453.0
15692,26,6490.0
14592,38,13350.0
14338,34,2290.0
11232,5,5799.0
5870,22,2299.0
15065,60,2999.0
16027,22,3849.0
7298,29,2599.0
476,5,1340.0
3602,34,5900.0
974,11,24000.0
6398,22,8174.0
2947,22,4999.0
4690,60,542.0
11013,25,15990.0
6227,22,899.0
4040,60,1199.0
7742,50,221.0
17267,38,18519.0
6822,34,14900.0
9372,47,1130.0
17468,27,14400.0
8188,38,22700.0
4078,9,690.0
7105,41,11500.0
1493,50,5700.0
4828,34,6000.0
14250,22,2999.0
12818,22,1790.0
13469,22,3290.0
10860,27,64000.0
13481,50,20598.0
17425,34,12300.0
516,60,690.0
2213,34,6000.0
1043,57,41.0
7530,34,3920.0
3509,38,6142.0
13673,34,1500.0
14574,27,8800.0
794,47,520.0
3118,38,2970.0
8684,60,1399.0
2499,34,3440.0
11965,25,7500.0
10421,25,32900.0
3998,47,1571.0
10649,27,15318.0
7060,34,2500.0
10753,25,10990.0
10810,38,1690.0
9480,34,7190.0
14615,47,1761.0
2538,22,2190.0
5299,4,9542.0
1478,60,2166.0
17456,34,1877.0
8535,34,6300.0
5053,60,1399.0
5188,41,990.0
15842,5,710.0
12721,26,159990.0
971,22,15992.0
9596,22,4399.0
5246,38,12540.0
16584,50,593.0
3379,38,51000.0
4967,11,5000.0
12588,34,3690.0
6200,27,41100.0
193,60,799.0
5841,38,11900.0
3732,34,4710.0
17385,38,7150.0
165,38,14400.0
10706,38,19990.0
13816,50,15325.0
13046,26,14500.0
13374,22,1439.0
16791,50,7170.0
16236,22,1490.0
4821,34,5999.0
2338,5,1070.0
16777,22,1699.0
11120,38,48060.0
6596,41,12097.0
14828,41,3790.0
2334,26,61248.0
1450,36,34990.0
468,38,4950.0
12853,22,2899.0
10233,9,360.0
6483,38,6990.0
3829,34,2690.0
5983,38,12300.0
7714,38,16400.0
15801,46,3005.0
2974,60,4699.0
13126,38,19490.0
13059,22,5949.0
2164,29,2249.0
13915,60,1560.0
11598,26,2690.0
13316,22,8799.0
8928,38,5450.0
8077,50,240.0
14205,41,139000.0
5835,9,780.0
14034,60,1599.0
733,38,39900.0
9479,57,226.0
1961,27,100000.0
339,41,590.0
12734,22,3649.0
2442,38,14230.0
8920,60,2949.0
7598,53,16536.0
3976,27,35250.0
7663,60,1099.0
7307,22,2399.0
4083,50,5100.0
13645,38,19380.0
2396,60,1519.0
4614,4,10690.0
11762,38,10700.0
3563,41,60.0
10031,60,549.0
1138,51,4790.0
15019,22,2845.0
13565,11,2890.0
2355,41,4990.0
4398,38,13450.0
9373,22,8392.0
9147,52,350.0
11837,38,4690.0
3852,34,3830.0
8438,57,2553.0
3203,34,4680.0
14636,51,4990.0
13891,38,4500.0
15695,34,3950.0
2443,50,2170.0
1305,27,19025.0
14193,26,4690.0
11228,22,2199.0
8471,41,12500.0
7948,38,9820.0
378,50,19000.0
10263,38,20760.0
16771,34,3900.0
5516,22,400.0
13594,38,26264.0
8328,60,951.0
10195,41,590.0
4050,22,4190.0
2880,38,2940.0
14083,22,3490.0
13885,50,50000.0
349,27,10450.0
7561,29,1644.0
15879,34,7290.0
6137,26,18950.0
1125,50,4058.0
9505,16,41990.0
14224,60,689.0
5730,38,22900.0
7787,60,4159.0
2193,34,3400.0
7153,41,490.0
13272,22,7690.0
17416,22,1299.0
13369,2,15916.0
11615,34,3860.0
14487,16,54000.0
4158,34,499.0
8915,38,15600.0
9032,22,2039.0
12309,38,9450.0
16128,9,1190.0
13276,34,4850.0
3693,27,4990.0
11856,50,3105.0
2278,38,8270.0
8475,26,1427.0
1385,22,3290.0
2651,25,9749.0
685,27,13099.0
12530,34,450.0
5470,50,9600.0
16975,22,5490.0
1453,22,4949.0
5915,34,10870.0
4285,60,1149.0
14780,60,1399.0
15958,34,3390.0
11557,38,7922.0
17145,27,15499.0
16894,22,2199.0
9018,25,29190.0
16165,41,1290.0
7429,41,25990.0
1920,41,50.0
14192,38,990.0
13568,50,8826.0
16004,41,60.0
14271,34,12860.0
13488,34,3410.0
15028,34,4969.0
187,60,889.0
4172,50,15500.0
13325,52,679.0
6651,16,7623.0
14472,47,928.0
1092,50,8651.0
2224,50,1460.0
1688,34,4790.0
13544,22,1249.0
12500,25,9990.0
5811,47,690.0
9111,22,1759.0
16843,34,165000.0
1362,38,4519.0
1104,34,3480.0
10142,38,22800.0
3240,60,2079.0
469,29,300.0
14352,38,17620.0
2527,38,3300.0
3971,34,16850.0
465,4,30739.0
4930,22,2999.0
2386,34,3855.0
6542,38,197.0
1818,18,380.0
16295,34,2790.0
15766,50,6295.0
10238,27,1290.0
852,52,624.0
10351,60,2449.0
6666,13,32990.0
15664,34,0.0
13803,38,25200.0
14909,34,4840.0
11480,22,780.0
14439,44,3990.0
189,34,16900.0
11520,9,2690.0
2249,22,3199.0
15516,57,33.0
4331,27,3119.0
1962,47,4125.0
15320,27,95020.0
11861,41,15990.0
2532,27,5689.0
5830,47,1090.0
16011,22,3959.0
14264,50,3449.0
16418,50,7390.0
16585,22,7490.0
3290,34,10615.0
14290,34,3490.0
611,2,18008.0
15513,13,29990.0
13762,34,4870.0
6696,34,5990.0
8789,11,8390.0
2210,38,121490.0
6604,41,9490.0
584,11,10890.0
6669,38,8100.0
17062,27,37190.0
563,2,45490.0
9554,27,12490.0
57,25,7490.0
8078,60,805.0
13285,11,7090.0
16046,34,149.0
17012,26,2264.0
10424,34,12710.0
11238,29,6419.0
8348,34,3520.0
16865,36,19990.0
15499,50,18100.0
8344,50,244.0
14519,22,1954.0
16643,22,7900.0
7551,36,69990.0
16188,34,5690.0
1980,35,2800.0
2138,22,2199.0
15501,51,4613.0
1658,60,671.0
9349,29,1200.0
9514,60,2300.0
7012,50,950.0
5960,47,19900.0
14923,34,1.0
7210,4,39500.0
9417,34,4520.0
11614,60,1119.0
9216,60,599.0
10580,5,39500.0
14059,50,3990.0
3687,47,3149.0
190,38,5150.0
10851,29,1930.0
12389,27,48700.0
5927,50,2673.0
6438,38,1002.0
12203,38,3190.0
4213,27,9850.0
5361,50,589.0
6106,38,1750.0
5650,22,3799.0
3273,4,13690.0
390,34,4550.0
14289,60,2999.0
602,34,1.0
7502,38,10300.0
14,38,79990.0
8453,22,2349.0
14225,34,3190.0
4691,60,1257.0
8426,50,4290.0
13860,4,11520.0
2723,34,4420.0
14073,34,9555.0
7329,50,3980.0
15764,34,6200.0
3410,47,4291.0
15765,34,1200.0
12701,41,56990.0
7328,60,969.0
8800,37,28000.0
8167,38,18000.0
4404,57,31.0
10023,38,6990.0
3505,38,16100.0
5746,38,1900.0
8132,47,669.0
8318,22,6502.0
4974,27,990.0
3291,22,1799.0
12859,34,1020.0
17481,22,14880.0
14031,34,1700.0
5243,34,0.0
17337,22,6990.0
5944,50,5475.0
2531,47,680.0
13153,34,14850.0
16551,38,11400.0
9661,60,1444.0
8165,22,2099.0
14159,34,3000.0
2767,22,2899.0
2243,26,4900.0
6435,51,4690.0
9220,11,6490.0
11409,38,22990.0
4764,41,19990.0
6264,47,9809.0
9022,47,8090.0
12566,50,6568.0
6439,22,11490.0
2022,22,2449.0
11647,47,6441.0
2579,57,699.0
3856,27,57400.0
17380,38,2291.0
13778,9,780.0
4573,22,850.0
1136,27,7490.0
4812,22,3000.0
2895,38,9890.0
9167,38,5600.0
5032,22,2990.0
5884,38,14500.0
7674,41,29990.0
15188,52,351.0
2818,25,12990.0
14101,34,11860.0
4816,60,879.0
13162,60,491.0
3287,34,2890.0
1220,67,690000.0
2992,38,18600.0
4966,50,670.0
7576,34,10000.0
9503,44,5590.0
4210,27,19490.0
8266,22,5799.0
6254,22,3349.0
11415,34,1690.0
8561,38,38000.0
1665,13,3190.0
13416,11,6500.0
3329,38,13825.0
3413,22,12990.0
96,60,1679.0
12654,27,29599.0
17032,22,1444.0
6522,36,649990.0
10938,25,12990.0
11346,22,1919.0
3853,26,16590.0
9375,34,9720.0
1271,41,30.0
3724,22,4400.0
12667,38,3050.0
17106,29,1542.0
9354,38,1730.0
5852,13,490.0
10205,26,38800.0
11442,5,3560.0
8675,38,25363.0
7377,22,5745.0
3251,27,20990.0
16190,22,1319.0
4204,41,3100.0
4524,34,3810.0
6068,60,898.0
9652,34,14000.0
5560,50,4093.0
13273,22,5949.0
5098,41,29990.0
7995,9,3890.0
10748,5,5952.0
5125,38,24921.0
69,27,4000.0
8683,47,1759.0
16575,41,43990.0
15882,46,10419.0
12366,2,1500.0
5681,57,269.0
1927,41,790.0
1163,34,890.0
14512,22,3199.0
4951,22,4999.0
10808,47,10602.0
16104,38,6300.0
750,34,990.0
9012,38,5900.0
5854,22,7290.0
4407,53,39000.0
3143,41,9500.0
10149,27,64340.0
16666,22,1799.0
7013,60,2947.0
14460,52,914.0
1363,22,3630.0
9873,41,14990.0
4956,34,1080.0
6164,34,2844.0
15027,34,4850.0
2978,60,879.0
1648,50,10691.0
196,34,890.0
9598,34,3980.0
15303,5,61818.0
164,34,1.0
4985,60,819.0
5943,9,360.0
12157,27,82490.0
1164,36,163200.0
14563,47,581.0
13412,18,699.0
15216,38,7150.0
7238,34,5000.0
10776,41,39990.0
354,34,3990.0
9492,22,1990.0
3744,34,1190.0
10215,27,7400.0
14994,38,2908.0
7759,27,7700.0
17154,60,3119.0
14262,60,537.0
14680,52,372.0
3999,57,104.0
5878,34,599.0
15585,27,75000.0
14553,22,3390.0
9780,38,5400.0
14113,22,2999.0
16985,38,531.0
12921,2,16990.0
9320,41,790.0
6132,27,54500.0
5842,34,4190.0
11159,22,509.0
14661,41,61990.0
12417,22,3799.0
11251,50,746.0
4941,27,2799.0
11902,60,629.0
16139,38,5240.0
1517,41,5990.0
894,2,93900.0
4728,50,3665.0
6569,34,4000.0
9604,27,5400.0
8507,25,2500.0
11794,38,46859.0
9122,38,4770.0
2894,34,6700.0
5037,9,750.0
3349,60,1399.0
5398,5,7770.0
9923,4,26190.0
11035,38,19200.0
1904,44,4490.0
10922,60,599.0
16620,22,2799.0
12703,38,28000.0
13521,38,780.0
1007,38,13445.0
10820,37,35000.0
9009,60,3439.0
13656,5,945.0
11304,34,3820.0
874,60,867.0
453,47,10690.0
12345,34,8790.0
10114,41,690.0
885,38,8090.0
4737,22,6700.0
6943,29,879.0
2326,2,54990.0
2365,34,13672.0
12352,34,4980.0
1613,22,1279.0
15134,22,2990.0
13118,22,2199.0
15821,26,5030.0
1061,60,2971.0
8941,26,12590.0
2378,34,3570.0
1051,29,2300.0
81,38,6590.0
3247,22,18352.0
15918,26,3609.0
16359,41,990.0
4583,38,5950.0
14753,38,8270.0
9399,57,215.0
3904,38,13850.0
1254,34,1597.0
7902,27,8450.0
10994,47,1091.0
10713,34,15000.0
12375,22,7500.0
122,25,43990.0
6370,60,309.0
16246,34,3920.0
14924,41,7990.0
7606,50,8000.0
12426,41,10490.0
14622,60,890.0
6072,2,78990.0
10566,38,3590.0
2199,22,3500.0
12471,26,16780.0
1126,51,7910.0
4135,29,1420.0
12138,22,1679.0
9205,60,1549.0
13164,47,9440.0
10667,34,3440.0
11897,34,150.0
7997,34,8000.0
15279,34,14500.0
9232,41,1099.0
13085,34,3890.0
7094,60,2499.0
2736,38,8300.0
3906,38,13990.0
3330,41,750.0
17135,38,4800.0
5040,34,3840.0
13733,38,2500.0
13087,44,55000.0
10042,38,29900.0
13991,38,36910.0
13424,60,1469.0
9819,11,120000.0
2721,22,7849.0
1728,38,1200.0
6727,34,5500.0
498,38,4200.0
14550,46,216.0
12988,38,53490.0
1241,22,10010.0
10162,38,16100.0
15077,22,10780.0
17030,60,3119.0
16860,34,4870.0
359,60,1499.0
16421,38,25200.0
5538,22,5099.0
8790,50,276.0
2432,34,7900.0
9567,38,6990.0
10628,47,1690.0
6505,34,2675.0
14385,22,3144.0
16422,60,1119.0
14960,60,1444.0
10758,22,775.0
14505,41,3300.0
2491,34,3580.0
6737,11,7590.0
9738,41,34990.0
11962,26,5100.0
11370,38,11400.0
16731,11,10990.0
4255,52,520.0
2796,22,3399.0
11829,38,1719.0
11547,4,20350.0
11528,41,750.0
6835,22,3449.0
12790,22,2621.0
4961,38,21500.0
4195,22,5390.0
11957,38,9100.0
11542,22,1899.0
15768,50,435.0
11771,38,15250.0
13752,34,3790.0
10799,38,4750.0
14337,25,2450.0
16354,50,1764.0
12552,29,1659.0
15889,22,5200.0
3614,41,17990.0
6410,22,2499.0
15619,38,10000.0
8481,5,14490.0
7132,22,1250.0
14528,22,3510.0
10731,34,5530.0
11849,22,6199.0
16809,41,10490.0
16037,34,3960.0
13826,34,5000.0
10127,34,1355.0
9013,34,0.0
9692,22,1699.0
447,9,750.0
11911,50,699.0
4542,29,1800.0
4168,34,4920.0
3241,50,6591.0
7809,29,500.0
16878,38,9050.0
10953,22,4490.0
8717,60,4239.0
5679,50,5208.0
13734,52,352.0
15921,4,7490.0
9749,47,9890.0
9926,11,12390.0
4035,44,13990.0
11764,38,13960.0
16207,34,7740.0
4753,26,45900.0
13324,26,28341.0
4031,50,11490.0
1195,47,12990.0
9141,34,6730.0
7069,47,3999.0
2488,26,5821.0
7318,38,39990.0
12514,13,1599.0
3796,34,3940.0
13997,52,899.0
6976,22,3249.0
15663,22,1699.0
7892,38,13220.0
5160,11,26990.0
7788,50,15300.0
11133,5,1413.0
8214,22,3699.0
8549,38,4650.0
15583,34,22185.0
16396,38,14990.0
12331,47,297.0
776,47,28139.0
8137,60,809.0
10326,29,990.0
5703,22,3690.0
3700,22,15920.0
14938,47,949.0
9237,34,4960.0
13106,38,1690.0
10223,34,2990.0
343,38,9200.0
7497,38,1290.0
13136,38,37210.0
8206,47,2383.0
15011,34,3950.0
3584,50,190.0
1624,38,15990.0
17006,47,560.0
13670,37,9000.0
16245,38,16990.0
14355,22,1519.0
6507,50,288.0
8195,16,8890.0
12486,34,7700.0
1213,22,1599.0
14620,13,13914.0
10579,60,899.0
17364,38,4100.0
15261,47,1290.0
8362,38,9710.0
3746,38,3750.0
14905,50,2025.0
5257,22,695.0
4552,11,8090.0
13864,22,2621.0
2060,22,3599.0
15364,38,12950.0
16870,52,388.0
4452,41,17990.0
15897,27,15609.0
13078,44,4490.0
4637,37,25000.0
2144,41,24990.0
11074,38,10100.0
11449,27,14611.0
10217,34,5700.0
8239,34,1820.0
8599,11,165000.0
10604,27,40100.0
772,22,1879.0
8753,50,478.0
735,50,545.0
2414,4,21750.0
13200,25,29590.0
14931,38,15600.0
12955,34,1190.0
7415,11,18490.0
6883,47,2990.0
6915,34,3980.0
15167,11,9510.0
10845,22,4900.0
13493,22,1800.0
5911,38,4473.0
7786,2,29990.0
4946,46,5590.0
16462,34,5890.0
9791,34,7820.0
7692,41,8490.0
17110,22,4999.0
905,57,920.0
4726,27,17990.0
7100,4,15690.0
10324,38,32000.0
9931,29,1580.0
7700,34,4420.0
9547,22,5999.0
13201,52,793.0
16671,38,41511.0
14424,26,1529.0
215,47,890.0
7229,51,8490.0
10882,5,378.0
10440,22,3999.0
5785,37,45000.0
16968,26,7000.0
13103,25,1590.0
13135,53,48750.0
8425,38,10100.0
14178,22,12990.0
5871,15,2640.0
16281,60,569.0
5745,22,10990.0
4859,50,8589.0
3363,34,3820.0
7418,41,27990.0
2477,25,6700.0
3319,34,5000.0
2741,38,18830.0
10918,47,4248.0
4948,34,2830.0
2029,34,6850.0
14585,38,6650.0
11756,38,10300.0
10119,25,2750.0
12026,60,1039.0
14697,52,642.0
48,34,43300.0
2399,26,150800.0
1959,38,9550.0
3476,38,4982.0
12862,34,6490.0
12686,29,1052.0
16161,22,3299.0
15669,50,2822.0
12102,38,3788.0
4768,38,19890.0
10850,44,219990.0
15890,34,480.0
6034,22,1293.0
11646,34,22000.0
3180,22,14900.0
785,50,1380.0
16954,25,1725.0
8267,38,6450.0
3814,34,3820.0
2945,34,3820.0
5210,22,8990.0
14167,38,929.0
9701,34,55000.0
6759,34,5870.0
9063,38,20300.0
3529,41,9990.0
16213,34,3890.0
13423,60,1149.0
9789,57,568.0
8791,22,8616.0
14143,60,401.0
5582,60,671.0
6683,22,2290.0
9618,22,839.0
14919,27,8390.0
3263,47,1979.0
8619,34,9830.0
182,22,7500.0
2712,22,2719.0
6643,38,6800.0
2856,47,1490.0
8264,26,13190.0
3317,41,26990.0
4744,34,6990.0
1351,34,1490.0
11211,34,1590.0
7190,44,5000.0
10491,38,13900.0
9138,60,1199.0
3774,60,3119.0
2950,41,3490.0
14281,9,3490.0
9374,4,5230.0
11072,34,11730.0
8679,26,710.0
2535,38,21600.0
8183,34,75000.0
16214,34,165000.0
10837,29,8666.0
14131,51,11590.0
13690,22,22392.0
7546,22,14490.0
16520,11,10990.0
2806,27,4500.0
3337,38,14230.0
4863,60,1070.0
9855,60,629.0
269,41,29990.0
4151,5,1424.0
5722,38,6990.0
10209,22,2300.0
10295,47,3600.0
1177,47,649.0
5138,34,790.0
12114,22,5099.0
16238,2,15990.0
12735,34,3890.0
12651,60,1211.0
6036,38,890.0
6544,16,11195.0
13250,22,14490.0
16868,34,3090.0
6991,52,406.0
6867,67,1500000.0
14462,22,9349.0
13805,27,4999.0
2125,47,1138.0
15101,60,1236.0
2907,38,8000.0
11199,22,1519.0
5154,51,3500.0
7834,34,4820.0
6839,9,1590.0
14280,26,1490.0
4056,60,1099.0
13788,38,20300.0
12925,27,27990.0
2452,34,5960.0
10654,22,1390.0
2935,60,1199.0
13925,22,2000.0
8144,34,3870.0
9151,22,4799.0
12163,38,826.0
6793,41,19990.0
16995,38,680.0
7136,44,7690.0
12983,57,817.0
1438,2,49400.0
5286,34,5890.0
15962,41,1700.0
16533,41,19990.0
5105,22,2949.0
7603,22,5900.0
8969,47,2691.0
10964,57,449.0
4933,34,3690.0
8708,34,500.0
6253,26,13890.0
15670,41,14990.0
3033,41,900.0
10418,38,1299.0
13093,34,5860.0
3485,34,143200.0
16307,60,1399.0
16719,52,1652.0
14966,25,12500.0
13138,41,8990.0
11786,60,1119.0
10177,57,144.0
4267,5,4848.0
4983,22,2124.0
6902,50,576389.0
3740,27,3590.0
149,34,900.0
13169,38,5400.0
12953,13,22490.0
2920,38,19347.0
10866,57,1179.0
2990,41,12441.0
10578,34,3840.0
9294,34,4490.0
10244,38,7300.0
2542,50,152.0
822,22,3390.0
9203,52,34.0
14816,38,25900.0
13440,50,185433.0
14252,27,4980.0
5203,38,2288.0
5314,34,8000.0
11452,52,546.0
12771,60,563.0
5992,34,3940.0
17146,13,4490.0
7802,38,5380.0
2075,50,4990.0
286,34,5000.0
134,22,569.0
4775,27,2500.0
3060,5,7750.0
1121,37,9000.0
12993,26,1839.0
3502,50,5852.0
6776,29,9899.0
935,38,32139.0
10765,11,841.0
10855,25,7490.0
3880,34,3590.0
2647,38,2625.0
2476,34,2090.0
11781,41,11650.0
9685,34,3940.0
12080,27,7800.0
15079,27,6500.0
13073,50,5691.0
540,60,5299.0
6613,34,3910.0
8397,52,392.0
11022,38,4200.0
7320,50,33264.0
7480,41,20990.0
4903,34,9000.0
1975,34,30000.0
15974,22,4999.0
1458,38,11560.0
11579,22,8990.0
6488,34,12200.0
2629,34,3530.0
3939,67,950000.0
2439,34,6000.0
17266,34,1424.0
6458,11,145000.0
15087,22,5099.0
1331,50,10190.0
13553,34,250.0
15861,38,1090.0
1413,34,5200.0
14312,57,50.0
1318,16,35490.0
2068,38,32990.0
13562,38,1900.0
10086,34,3290.0
11050,38,59000.0
15309,34,1.0
10711,22,2200.0
4417,34,0.0
14004,27,8560.0
8382,38,9452.0
9149,26,1111.0
7472,57,1050.0
5517,34,9000.0
17017,38,21990.0
6414,22,5999.0
7851,34,21900.0
4355,50,28175.0
2843,11,9290.0
4380,34,3440.0
15678,22,2299.0
2394,60,479.0
14468,29,4510.0
17305,34,3990.0
11364,38,10370.0
11857,47,999.0
14220,50,10689.0
1773,34,490.0
5963,34,815.0
6684,34,3830.0
12999,46,348.0
7475,38,1499.0
8694,47,1499.0
11088,22,4490.0
3948,25,13013.0
8605,22,1049.0
14185,38,7200.0
4899,29,6329.0
14454,22,12990.0
2697,60,710.0
6668,38,6990.0
6897,34,3560.0
1295,34,4500.0
10104,38,18000.0
14005,60,1649.0
1888,57,1449.0
12933,60,3119.0
470,22,2799.0
16002,22,2549.0
3301,22,1390.0
14525,22,999.0
5527,34,12860.0
15308,60,2108.0
9610,22,1487.0
12273,57,563.0
588,27,4990.0
17137,51,20590.0
11715,34,3860.0
12599,34,5870.0
7121,22,1099.0
11413,22,2719.0
4008,37,25000.0
13393,47,2164.0
2272,46,220.0
14616,3,58.0
1874,38,10750.0
10621,27,1380.0
10202,22,690.0
11783,22,20855.0
5046,34,2490.0
9703,60,472.0
627,50,1890.0
15595,5,1600.0
15644,11,27030.0
4348,22,3719.0
1716,25,6490.0
4400,22,1519.0
5803,26,1880.0
10864,53,563578.0
11444,27,37480.0
6129,34,5860.0
6595,38,4050.0
13650,5,830.0
14718,38,9490.0
14918,50,200.0
13903,22,2599.0
8832,13,2500.0
8413,36,53490.0
9659,60,2249.0
7185,22,3998.0
8399,47,2690.0
17094,41,35990.0
3114,41,67990.0
15300,37,6000.0
10118,16,3072.0
6019,27,3790.0
3785,5,1400.0
12821,60,799.0
1878,27,6290.0
1520,60,3899.0
16275,50,432.5
2494,27,19920.0
15995,60,1699.0
15942,34,1720.0
37,34,3870.0
12083,34,3980.0
11393,57,194.0
4541,60,1699.0
15763,16,26190.0
7450,34,590.0
7782,38,15000.0
290,22,300.0
2877,29,7490.0
8360,34,3790.0
6885,51,12114.0
5604,38,3490.0
9066,22,7110.0
11873,34,85000.0
7932,50,514.0
10590,52,630.0
11759,34,3990.0
13089,22,2249.0
7623,38,24318.0
575,29,4959.0
11390,11,34990.0
6196,46,3192.0
6756,34,6061.0
3403,37,18000.0
16318,41,34990.0
15429,60,875.0
8386,26,59850.0
4660,22,2249.0
15939,34,5890.0
5156,47,19990.0
12466,22,3000.0
11127,57,270.0
11502,27,2290.0
14834,38,5790.0
8185,26,1530.0
12490,2,77990.0
1240,9,850.0
15111,47,1654.5
7921,38,8900.0
8643,16,23990.0
7650,22,3099.0
5622,34,4740.0
14043,9,1590.0
14149,13,2990.0
11105,60,2249.0
428,41,15990.0
16744,25,1490.0
389,22,1390.0
11822,60,456.0
13691,27,4990.0
15213,2,20990.0
3627,38,56500.0
9172,60,829.0
10892,46,2216.0
13396,38,59000.0
3450,18,799.0
17457,16,42990.0
3629,60,5999.0
3891,9,360.0
7604,38,13480.0
12761,41,12590.0
10875,60,3440.0
11560,26,300.0
6255,34,3920.0
6977,22,10600.0
13357,22,3949.0
8765,22,1699.0
14444,34,0.0
8700,34,2990.0
1229,47,990.0
10662,36,18290.0
6619,25,4100.0
8225,50,24290.0
6938,38,16650.0
9811,52,1137.0
14846,52,428.0
17199,50,1349.0
8261,60,990.0
13447,37,8000.0
14832,41,4990.0
1577,26,1030.0
11179,34,10100.0
4556,41,450.0
13756,22,2399.0
6618,26,1499.0
12664,52,374.0
9464,22,929.0
9187,47,690.0
9885,22,4879.0
10877,34,4000.0
510,22,4490.0
1339,9,3990.0
10276,60,371.0
9555,41,7250.0
12094,34,3530.0
13985,22,12490.0
15260,60,3500.0
790,29,1519.0
7150,38,32900.0
6758,60,951.0
9033,34,3390.0
16044,41,650.0
4911,38,1301.0
16733,22,2319.0
1114,38,7334.0
16278,34,8500.0
4757,22,1614.0
15732,22,69900.0
9935,34,3500.0
15294,26,5288.0
13207,27,2850.0
4749,25,3500.0
1026,38,8990.0
16730,34,6390.0
7115,50,1915.0
6262,34,2890.0
14730,47,5090.0
16571,38,10000.0
6039,41,490.0
15527,38,11740.0
16774,50,242.0
930,41,30.0
11865,25,32990.0
16452,50,600.0
2891,34,4450.0
4235,50,16300.0
16996,41,790.0
14898,5,350.0
11465,38,12000.0
5735,60,599.0
11145,50,4772.5
2854,11,18900.0
14055,57,184.0
6732,50,294.0
14770,25,22990.0
12940,26,49990.0
11869,38,13660.0
10684,50,2890.0
8925,38,9000.0
10502,60,799.0
7888,38,3701.0
1168,60,4149.0
652,50,815.0
10442,60,1684.0
4186,38,9970.0
7253,27,1100.0
9410,25,15990.0
16743,34,3890.0
14955,38,1690.0
9802,34,17290.0
7616,60,1038.0
16087,27,5900.0
13474,38,125550.0
8628,34,1045.0
7350,60,1299.0
12774,38,25770.0
12260,38,3359.0
17313,41,590.0
9856,22,2319.0
14969,41,890.0
10511,34,10000.0
6592,50,2990.0
5067,44,32890.0
2294,27,1575.0
2408,22,2199.0
12161,29,950.0
3767,34,4890.0
9994,57,67.0
7673,11,6920.0
9540,35,9390.0
6002,67,2000000.0
16244,26,98531.0
14959,34,5300.0
16224,34,1200.0
1575,16,16500.0
6263,60,2339.0
4564,41,2290.0
10588,22,3190.0
10950,4,8290.0
12631,50,1500.0
3258,34,3590.0
14128,37,25000.0
5438,41,60.0
5293,34,890.0
7445,22,4999.0
14944,34,7360.0
1953,22,5440.0
5208,41,61990.0
5716,16,12990.0
11788,47,3905.0
8179,47,5005.0
7020,38,17990.0
4383,50,13500.0
2961,60,1041.0
8600,29,1880.0
9753,34,3990.0
3479,22,2490.0
9977,38,2970.0
17397,57,50.0
14568,41,550.0
1206,38,3310.0
12505,34,5910.0
3579,60,4119.0
13813,34,7890.0
70,34,10100.0
4832,2,26990.0
2611,34,4870.0
11100,22,5995.0
137,47,1209.0
3272,38,54500.0
1448,34,9730.0
5081,34,3950.0
3353,60,671.0
8303,41,399.0
3566,22,3490.0
11946,27,16990.0
2906,50,5490.0
11814,22,6290.0
2765,52,541.0
4683,38,2090.0
5558,22,1200.0
9617,52,454.0
8997,50,106.0
5220,34,5940.0
8177,34,12430.0
11785,27,6740.0
2374,50,19490.0
12023,26,34643.0
8716,38,2266.0
11001,11,10790.0
1404,34,6530.0
17115,34,8180.0
4444,13,1690.0
14381,34,3590.0
4894,22,1954.0
3545,25,22990.0
10242,41,990.0
6275,38,35000.0
11467,9,4990.0
1332,38,9399.0
10035,50,749.0
17315,47,17590.0
3094,22,2400.0
14154,34,10000.0
16222,50,605.0
8164,26,14000.0
252,50,2841.0
15183,34,3960.0
8364,22,5499.0
6325,50,4464.0
8745,22,8043.0
10921,38,2290.0
4893,47,2990.0
559,11,12870.0
9995,27,9740.0
13518,44,8208.0
13206,47,1090.0
159,4,29150.0
10059,38,30300.0
5587,29,3788.0
8245,60,763.0
17282,9,360.0
2986,29,2550.0
16919,27,21618.0
4253,13,990.0
15721,22,3739.0
11696,27,19990.0
3771,50,1040.0
13705,22,1099.0
4303,34,3880.0
3769,38,6550.0
16576,50,1515.0
12215,47,1340.0
14409,5,3140.0
14308,60,891.0
3650,27,5890.0
2590,47,322.0
466,46,548.0
9442,34,2800.0
3294,22,713.0
14008,27,87300.0
15192,34,4810.0
9961,9,420.0
12128,26,13890.0
6548,60,986.0
10955,50,59000.0
10037,9,360.0
4226,5,2123.0
14529,22,6599.0
14894,34,3940.0
16700,34,5910.0
9136,29,602.0
6425,34,24400.0
12049,22,1279.0
13831,22,3599.0
1391,38,17550.0
13748,34,3590.0
9161,22,8600.0
3524,36,24990.0
3844,60,1655.0
4408,22,190.0
10186,37,8000.0
13410,50,2390.0
5651,38,40450.0
11893,47,5120.0
16133,38,12290.0
12085,38,950.0
3387,41,430.0
223,47,2590.0
16592,27,6520.0
13292,37,30000.0
11734,26,950.0
4414,22,2719.0
10680,41,60.0
7720,34,4290.0
3056,57,64.0
5009,60,1099.0
12873,34,3430.0
7309,38,334.0
7459,38,13975.0
12378,41,26490.0
14958,60,866.0
8123,27,6700.0
6979,22,2349.0
14945,26,427.0
7978,22,13990.0
15614,34,10120.0
9371,50,21990.0
8175,22,690.0
5025,22,1274.0
17026,38,15990.0
6954,41,1250.0
11056,38,8900.0
16942,60,711.0
14474,22,470.0
1917,38,662.0
3593,50,10365.0
7482,27,7400.0
3905,13,3990.0
16640,41,990.0
17031,22,1699.0
6831,41,53990.0
103,60,539.0
16198,60,1649.0
11369,22,14490.0
15744,13,7990.0
16434,9,1990.0
14145,60,1324.0
2127,27,3000.0
13282,34,3560.0
9869,50,498.0
14315,50,590.0
7972,34,235.0
11217,11,6940.0
11534,47,617.0
10975,22,69990.0
8743,27,2600.0
16176,51,5990.0
10642,38,10100.0
12132,27,2990.0
14399,38,2790.0
7545,41,8990.0
13807,60,2299.0
11142,50,11040.0
6268,51,1490.0
5061,44,483.0
10995,22,9192.0
5894,38,4250.0
12565,38,22800.0
1468,41,14990.0
2878,26,128340.0
996,50,1556.0
5723,38,4950.0
17367,53,220000.0
5219,11,28000.0
5710,60,956.0
4372,22,2209.0
12266,22,8490.0
8970,9,1890.0
14056,34,4190.0
4806,22,1274.0
16573,50,9692.0
4665,47,1650.0
3869,38,1990.0
6905,27,3800.0
126,34,2490.0
15822,22,12990.0
15517,34,6700.0
8279,26,11658.0
4254,34,690.0
5179,38,3850.0
6989,34,75000.0
16676,26,9990.0
11234,4,18690.0
7848,50,4590.0
17057,22,1790.0
10989,34,1990.0
10874,60,1549.0
14602,22,9990.0
11767,47,9690.0
942,22,5440.0
10412,50,8170.0
8935,34,7750.0
15150,34,2690.0
4264,60,1099.0
15986,38,3227.0
15648,22,5699.0
11928,34,18410.0
4237,27,1100.0
13283,46,188.0
7492,11,42490.0
7155,38,89000.0
11213,29,859.0
10385,34,22500.0
5756,60,1840.0
2276,44,790.0
10309,26,11090.0
12284,60,799.0
147,60,3299.0
3606,34,5600.0
3729,29,740.0
15154,52,569.0
7896,22,4999.0
3466,38,12500.0
988,60,789.0
14403,41,3990.0
618,60,899.0
5144,52,839.0
8568,34,2550.0
13969,4,18990.0
8292,34,3490.0
17357,13,1190.0
7477,38,6600.0
5721,5,1240.0
4068,11,11500.0
8833,34,10500.0
7676,34,890.0
1867,38,495.0
16294,60,1156.0
8232,29,1200.0
1550,34,4000.0
2160,34,9740.0
16931,38,49000.0
5817,38,13200.0
10896,22,1199.0
8282,34,4000.0
7709,50,4645.0
9252,38,8990.0
13479,46,3005.0
2137,50,432.5
14233,38,16990.0
11148,22,2039.0
3903,22,2990.0
7629,44,15990.0
4327,38,749.0
17070,34,7500.0
11539,22,5390.0
13367,47,2990.0
7235,22,1299.0
14484,22,2999.0
9587,50,8410.0
5171,60,3122.0
8597,41,35943.0
11091,29,4202.0
4565,34,3920.0
5780,44,4490.0
9987,26,540.0
5478,41,29990.0
17429,13,1490.0
6274,41,690.0
4566,47,3490.0
17292,38,13490.0
5806,50,1307.0
3795,50,11490.0
1869,25,2300.0
8033,60,1399.0
4881,22,2890.0
14270,41,9990.0
3243,22,5949.0
6962,22,4699.0
11313,37,15000.0
4862,35,1547.0
59,27,4290.0
10661,34,38700.0
8764,13,879.0
17127,41,4790.0
1677,34,3090.0
12265,47,2790.0
10315,11,18550.0
3266,38,5428.0
5905,34,8510.0
694,22,4300.0
14774,9,2790.0
12887,34,5000.0
6389,27,3490.0
14576,29,880.0
686,34,6480.0
13674,34,3450.0
15858,38,9800.0
15637,41,480.0
15666,22,2039.0
9472,60,3439.0
3367,34,3940.0
9590,38,5400.0
16765,60,1399.0
9465,11,7370.0
1831,34,2690.0
2010,34,3810.0
321,5,630.0
15086,22,1199.0
10074,41,4290.0
16269,44,43990.0
13913,34,3000.0
5355,4,12790.0
2464,38,10450.0
12638,41,850.0
4256,22,3190.0
17512,60,3440.0
6551,27,1990.0
2708,34,3910.0
13076,60,2580.0
1747,34,3500.0
3960,41,9490.0
3439,22,6920.0
12150,60,819.0
8126,38,30000.0
16212,38,6500.0
2413,5,1666.0
1264,27,39990.0
16322,60,1119.0
10728,41,8990.0
8353,57,1749.0
14954,34,7910.0
262,41,2290.0
15625,22,27945.0
4755,27,2850.0
3628,50,335.0
14277,26,38990.0
1767,29,3212.0
6075,52,376.0
524,26,7409.0
5296,34,1490.0
3325,5,1990.0
5727,22,160.0
9533,5,1320.0
4241,34,390.0
9370,60,1049.0
11990,38,28000.0
12481,41,31990.0
2946,60,1649.0
11342,22,3000.0
1188,22,3999.0
17459,26,26000.0
16021,47,15275.0
5769,27,19990.0
737,22,26072.0
13669,22,23990.0
1486,34,14860.0
5421,34,7200.0
17464,11,150.0
10099,27,5490.0
1395,27,70840.0
10079,9,7490.0
8912,50,4833.0
4375,22,3290.0
12324,38,16440.0
8752,60,819.0
7973,25,3550.0
1996,38,11990.0
2195,34,650.0
17198,22,4490.0
17489,29,540.0
16029,22,2249.0
12927,47,9591.0
176,38,13618.0
7222,38,7450.0
7036,22,17630.0
2807,22,21990.0
16370,22,3690.0
2058,60,652.0
10141,22,1390.0
9460,51,4138.0
5686,38,142710.0
267,26,11990.0
9499,27,17590.0
5585,22,1879.0
13777,47,6090.0
3561,22,1519.0
4492,13,1290.0
16561,27,52490.0
10928,34,20900.0
12883,47,8500.0
14878,34,5980.0
7980,34,10000.0
9729,22,2349.0
2679,22,5200.0
5861,4,19900.0
8343,22,3799.0
2715,34,8470.0
16410,22,7920.0
4342,38,2276.0
5166,38,1663.0
16168,60,717.0
11527,11,24890.0
7867,29,3649.0
14080,34,4000.0
15049,47,2190.0
6790,60,839.0
1737,29,3350.0
16552,60,476.0
4363,5,2850.0
1562,38,1110.0
14687,53,4900.0
9273,50,99.0
8781,38,6150.0
6432,53,4750.0
10656,38,9350.0
17261,5,1050.0
11453,34,3799.0
10439,52,748.0
2401,50,432.5
3099,52,311.0
6341,34,6890.0
11606,29,5990.0
7372,22,4392.0
12543,4,24920.0
292,60,1359.0
15052,22,6490.0
5548,50,5990.0
13327,57,370.0
1797,50,1675.0
12928,22,3679.0
15599,38,9900.0
14361,22,1268.0
888,22,4990.0
15734,34,9870.0
94,60,1699.0
9943,50,1040.0
1239,38,7100.0
2932,25,12012.0
9524,60,3599.0
5226,22,8990.0
11543,26,2349.0
6845,41,11450.0
10128,22,1199.0
10856,25,2670.0
8338,29,1783.0
12606,36,16990.0
6117,26,5990.0
98,38,2690.0
4684,4,9230.0
4198,27,590.0
8087,38,2420.0
10333,34,4290.0
12321,41,690.0
1676,27,39990.0
7824,34,1.0
3324,50,77800.0
15665,34,1990.0
4770,34,1.0
10462,38,3570.0
6521,44,3000.0
10519,60,353.0
7461,41,1290.0
11536,22,1350.0
11431,34,3930.0
8465,16,4750.0
6463,47,1520.0
11638,22,2039.0
16785,60,1279.0
14164,47,7520.0
5301,57,2000.0
3381,60,341.0
14266,27,45800.0
421,57,306.0
15202,22,899.0
7697,34,2790.0
6461,36,25137.0
2903,34,9790.0
10536,57,394.0
8161,11,18190.0
17427,34,2050.0
5264,47,3090.0
7219,22,3143.0
10980,34,2250.0
5704,46,216.0
8405,22,849.0
15655,34,7955.0
4460,60,886.0
15233,34,5350.0
13426,11,12990.0
5306,60,1177.0
7731,38,8400.0
3603,60,1959.0
8880,34,5590.0
4388,41,2590.0
16538,50,200.0
3660,34,3380.0
287,38,7909.0
12529,38,3632.0
2018,38,8400.0
12840,38,12620.0
13567,34,1.0
3636,50,498.0
2849,38,63700.0
5132,38,6400.0
531,50,6820.0
13596,50,3333.0
16661,50,2889.0
8723,22,2079.0
3632,27,3200.0
4176,52,323.0
5223,22,4559.0
7747,29,2809.0
2689,9,449.0
3585,50,6509.0
2863,11,7190.0
4000,47,999.0
15169,47,3190.0
14676,60,2544.0
15330,4,3080.0
1922,29,4848.0
10187,22,1499.0
11175,38,6690.0
13621,34,5590.0
5902,50,1835.0
16737,38,5270.0
10541,34,373.0
4082,22,6399.0
13893,38,15700.0
8151,26,12913.0
1603,27,15500.0
8766,60,3599.0
451,50,6752.0
9631,25,7390.0
11272,38,5050.0
3244,22,6079.0
17361,46,191.0
15380,50,680.0
13482,50,498.0
12632,27,1215.0
12744,38,20410.0
11735,38,6900.0
11644,22,7693.0
15618,41,590.0
6334,50,2545.0
2361,9,654.0
4134,60,679.0
7078,47,1874.0
11123,60,534.0
2105,34,5510.0
15762,34,3800.0
4730,38,20000.0
185,27,6190.0
1482,22,5499.0
7858,13,31990.0
4576,38,21990.0
6322,53,9385.5
2614,50,105.0
8826,22,2700.0
6163,11,16790.0
8004,34,311.0
9454,29,2078.0
16477,34,17940.0
11098,22,2899.0
17515,34,11210.0
5048,16,88990.0
11744,27,22390.0
10259,34,11800.0
6021,34,8500.0
14429,47,24990.0
2211,60,1279.0
11440,22,1759.0
15340,60,1249.0
34,9,990.0
9803,27,16990.0
3772,60,2099.0
14997,60,1149.0
14715,38,9950.0
1528,38,2970.0
7762,27,11690.0
7305,60,657.0
2161,27,59990.0
1036,50,2320.0
3029,34,3990.0
4242,50,2450.0
11134,41,6500.0
14105,22,18990.0
5617,22,26693.0
16153,37,28000.0
356,5,9350.0
12613,22,3032.0
13400,50,11990.0
5382,5,990.0
11246,60,566.0
17437,57,118.0
13470,25,3500.0
1056,34,590.0
16019,44,751.0
13485,34,9500.0
10413,27,2900.0
6767,13,1190.0
2509,34,3850.0
13541,34,4890.0
6746,41,23190.0
15021,26,2699.0
680,29,1990.0
17208,34,23040.0
5242,34,4290.0
17118,5,7299.0
13610,50,7950.0
114,16,12990.0
383,22,1019.0
5739,34,3420.0
16467,26,8989.0
5006,50,6825.0
6173,50,5844.0
2445,52,499.0
6344,22,2319.0
1134,53,21400.0
5939,22,990.0
6819,38,22500.0
11143,60,1099.0
12276,34,16400.0
16040,60,2199.0
1739,11,195.0
13561,22,2899.0
7548,26,12999.0
4908,47,1761.0
9368,34,3500.0
5279,13,1500.0
922,38,4660.0
16493,22,4599.0
3463,9,3486.0
5670,60,539.0
2511,52,527.0
15495,34,1890.0
13725,34,2990.0
16955,22,3490.0
3510,34,3090.0
10050,22,120.0
10607,22,4139.0
1039,38,960.0
9478,34,3480.0
11357,22,2799.0
11733,27,51490.0
13131,60,1013.0
1516,60,1099.0
16160,26,6900.0
6238,16,23590.0
2027,22,8480.0
10400,36,37990.0
8368,44,19990.0
12555,27,3504.0
9271,25,27990.0
2333,47,2090.0
5995,13,2990.0
10559,27,14990.0
4949,60,4159.0
9683,41,15740.0
6180,22,2800.0
12652,25,12012.0
13406,41,650.0
13259,50,3490.0
1436,37,8000.0
6540,47,1571.0
2008,38,19950.0
16480,51,4490.0
1960,38,1190.0
12630,38,17990.0
1390,22,2279.0
5433,34,2290.0
6545,22,1499.0
13122,22,23400.0
8337,50,355.0
17316,34,8490.0
6690,38,1090.0
2014,4,19160.0
8659,22,1279.0
7059,4,9510.0
4163,27,9420.0
13195,16,8990.0
7524,22,13920.0
956,38,5726.0
16749,60,2799.0
1724,5,3290.0
12829,11,10990.0
7566,50,10190.0
911,34,45000.0
12597,38,4639.0
8902,22,22990.0
6929,50,22716.0
10813,22,1679.0
2571,34,1.0
5364,22,8341.0
15246,60,999.0
9895,38,4680.0
4778,11,10390.0
17434,22,1149.0
5130,50,6916.0
15490,38,32770.0
15291,5,889.0
2835,26,33291.0
5259,41,4990.0
9889,38,5550.0
8794,60,1256.0
8612,29,390.0
17047,22,1709.0
1702,50,6532.0
15895,50,54631.0
442,34,4950.0
525,22,1999.0
5920,38,800.0
14082,60,1359.0
13501,53,220000.0
13523,26,7999.0
2487,22,990.0
5539,27,96610.0
3993,34,7500.0
4268,60,889.0
14638,38,7780.0
4636,22,1999.0
898,34,75000.0
16401,22,3000.0
8571,34,1000.0
16845,22,3290.0
4539,27,94950.0
4912,27,739.0
16659,4,7550.0
15396,60,778.0
4153,38,480.0
16192,38,1550.0
15875,38,20120.0
8244,60,853.0
5213,25,9500.0
9000,34,3940.0
17334,50,6166.0
17306,60,1399.0
2540,25,8008.0
6026,60,1039.0
5380,50,125.0
4562,38,19380.0
7206,38,10100.0
5307,22,8490.0
1699,38,3900.0
10132,22,4890.0
15402,60,679.0
3427,35,1047.0
6714,22,3199.0
14166,16,6804.0
3017,60,1767.0
16301,9,2790.0
9062,27,11700.0
7166,38,16950.0
3218,22,2990.0
12982,38,12300.0
83,22,1919.0
40,34,82900.0
7927,29,1116.0
12636,38,2969.0
12090,4,8290.0
2039,34,1312.0
477,50,529.0
8037,34,3950.0
427,57,324.0
15502,57,67.0
9818,34,6800.0
16149,22,4399.0
658,22,9349.0
14088,38,7780.0
11589,22,4490.0
4589,50,24409.0
653,29,2900.0
1313,67,490000.0
1599,11,65000.0
601,13,1290.0
44,52,633.0
7464,38,46900.0
1256,50,2300.0
1189,22,1699.0
1111,34,5403.0
15310,34,4000.0
3878,34,3420.0
6561,22,4899.0
388,52,472.0
11679,34,4490.0
226,26,104400.0
7393,50,16685.0
11083,52,381.0
6478,22,889.0
16276,60,1869.0
8569,11,7190.0
7813,4,10050.0
9305,22,270.0
17325,26,1690.0
8449,38,12500.0
4783,60,598.0
14038,22,1899.0
3295,52,52.0
8735,34,3290.0
12151,41,690.0
4788,27,33000.0
9311,50,24578.0
14292,26,75990.0
1291,22,3690.0
2692,29,2690.0
16121,27,17990.0
7406,22,990.0
677,38,29170.0
761,22,4990.0
11286,34,3585.0
15299,47,8500.0
54,47,3590.0
13653,53,30000.0
12053,52,763.0
14470,26,15990.0
9002,38,1690.0
13950,60,509.0
5625,22,6792.0
461,47,2290.0
4814,34,2800.0
2999,25,7700.0
7678,38,12550.0
4896,41,6990.0
3684,60,1189.0
14485,60,713.0
8720,38,1800.0
7037,60,352.0
13180,34,7770.0
10349,22,9192.0
4917,18,2299.0
9656,60,525.0
12979,52,546.0
9748,60,1399.0
16518,22,890.0
2356,52,1056.0
4820,34,3930.0
13839,47,49.5
11971,38,5840.0
17143,50,9270.0
8082,34,4990.0
2677,34,6720.0
17161,2,24990.0
15056,22,1699.0
4018,27,35990.0
3469,50,35.0
3475,38,3570.0
12663,22,2999.0
3511,47,7790.0
5449,34,3390.0
5623,34,5800.0
4319,34,1750.0
12559,41,650.0
10002,52,311.0
10558,38,2200.0
10562,34,3090.0
5541,52,473.0
5079,22,1399.0
2968,26,7690.0
16286,26,7310.0
10705,52,306.0
8674,34,1.0
11904,53,7965.0
9902,4,29600.0
7032,22,5752.0
9974,22,2124.0
1597,34,2800.0
10087,27,9245.0
12285,22,315.0
2359,22,3679.0
10688,47,512.5
4377,9,1350.0
5649,52,366.0
3843,13,2590.0
16802,50,865.0
345,41,17990.0
4052,38,11500.0
15702,50,1421.0
17253,3,359.0
13918,41,19368.0
12684,41,1290.0
3522,34,890.0
796,26,56190.0
15384,34,12500.0
5444,50,5190.0
203,47,1290.0
4734,34,6090.0
2897,25,5898.0
11657,50,69000.0
15817,38,5600.0
12283,22,3490.0
9090,50,3080.0
7188,51,11112.0
14859,26,23000.0
492,47,3200.0
7862,38,3400.0
1508,60,388.0
3897,60,1703.0
1476,27,17990.0
6356,11,21590.0
1186,27,18990.0
10461,60,1699.0
6121,34,7740.0
542,60,853.0
15795,50,110.0
13930,13,990.0
16303,41,2990.0
10915,50,6490.0
11588,11,35690.0
1618,38,5700.0
4063,27,790.0
8508,22,1699.0
13468,34,0.0
14132,26,32300.0
16703,50,7790.0
11266,47,2550.0
13244,29,1190.0
1766,60,1159.0
3399,60,1799.0
16895,60,1047.0
2904,34,4790.0
11284,25,22990.0
4016,4,27870.0
4818,38,8990.0
6310,22,3999.0
6996,25,3200.0
13425,5,450.0
6697,60,781.0
12434,22,2690.0
9518,41,1490.0
5052,60,2241.0
12302,34,12860.0
2248,38,7990.0
13031,60,620.0
16566,50,25021.0
13451,34,4470.0
4878,26,1190.0
17193,27,48849.0
11347,22,2499.0
15968,50,1089.0
14666,44,8990.0
11244,25,2950.0
10447,34,9820.0
2649,9,1200.0
10427,50,906.0
16663,26,5090.0
14349,34,3860.0
2026,27,900.0
9845,26,49990.0
7248,22,5990.0
12756,36,19990.0
3982,34,1890.0
14247,34,6770.0
7853,34,9820.0
7898,34,10000.0
9037,26,14289.0
4100,47,300.0
8298,22,3679.0
1988,41,890.0
1191,25,29590.0
3882,16,5690.0
8848,22,3790.0
10139,60,398.0
5476,27,36659.0
1763,47,986.0
6256,11,23240.0
7819,13,12990.0
3562,52,342.0
4188,22,2699.0
17091,60,919.0
3807,60,1499.0
3726,9,1290.0
6554,50,18700.0
9827,38,20300.0
6020,41,4000.0
13815,38,3000.0
12407,51,10397.0
12300,34,2690.0
14162,34,12000.0
3518,34,3540.0
9333,38,13420.0
5268,38,3190.0
7168,34,1590.0
6907,60,4749.0
10015,38,1490.0
14698,34,11100.0
6556,38,4500.0
1823,29,3250.0
7293,60,2139.0
1113,38,8500.0
5135,60,879.0
8432,22,1839.0
8763,50,5090.0
11250,22,2899.0
3975,2,30531.0
6702,27,5990.0
280,22,1090.0
15029,41,690.0
4819,34,12000.0
2604,38,12000.0
7076,60,4799.0
7269,27,13499.0
6694,22,22880.0
4276,38,85000.0
2498,47,3390.0
16688,22,3599.0
12737,22,2392.0
11372,27,1600.0
17169,47,830.0
13014,50,477.0
6600,37,12000.0
4801,38,12990.0
11858,2,37990.0
9980,34,3390.0
12991,34,1.0
14272,38,3020.0
3655,2,45400.0
5341,38,2843.0
1726,5,2673.0
8948,60,599.0
7029,34,4000.0
9217,41,4490.0
9868,60,976.0
7344,60,1099.0
14350,34,6970.0
14344,47,719.0
6631,60,799.0
14617,44,2990.0
16024,60,463.0
1629,34,3420.0
15723,34,4000.0
12535,60,1002.0
2754,47,8512.0
15711,34,6850.0
8038,13,26399.0
2349,41,31990.0
3912,41,990.0
15507,27,6600.0
12802,22,3099.0
5948,5,4352.0
12910,60,721.0
12400,41,13100.0
7636,60,2092.0
1812,26,84519.0
2146,34,15900.0
4781,38,22300.0
3970,60,1327.0
12851,38,17090.0
13873,22,2249.0
3249,51,1782.0
2890,9,1790.0
11332,34,5560.0
17264,11,12900.0
6861,13,12990.0
11362,60,1399.0
4481,22,38300.0
9565,34,2626.0
9365,38,17800.0
7102,34,4290.0
7001,27,28690.0
16891,50,457.0
6528,34,4720.0
4062,26,790.0
15462,34,6810.0
8937,41,15990.0
16798,47,890.0
13737,34,2300.0
3230,34,4635.0
16707,41,18990.0
1172,50,7650.0
3222,47,400.0
17021,57,94.0
3050,50,3990.0
4752,60,2935.0
12424,26,15900.0
9820,41,890.0
9366,4,13790.0
11807,46,3005.0
1354,27,2490.0
9998,22,2399.0
13128,34,4580.0
6772,41,490.0
12541,27,8800.0
5410,41,1641.0
370,38,17900.0
10572,34,1601.0
10251,60,1190.0
4439,25,3990.0
7341,50,7539.0
8598,41,990.0
14803,50,1500.0
4486,25,8990.0
4070,16,499.0
8793,34,5000.0
14254,50,2625.0
2503,22,3320.0
13824,38,10670.0
10322,60,934.0
10876,34,9476.0
16872,34,4470.0
14336,22,2249.0
4093,57,62.0
10772,34,2050.0
3130,60,5052.0
826,60,1039.0
736,22,1039.0
11490,22,899.0
4382,60,4119.0
9507,38,95000.0
7146,38,16250.0
636,60,320.0
8546,22,29990.0
4028,60,1679.0
273,4,29600.0
6010,34,1.0
8052,22,5699.0
12610,60,359.0
14660,47,18490.0
2763,50,1749.0
9968,51,10290.0
8127,60,1099.0
8990,27,75000.0
1627,34,75000.0
8961,57,287.0
2756,41,390.0
7776,34,5870.0
16542,34,10590.0
9251,22,2399.0
8468,34,21500.0
13186,22,2799.0
6586,11,8990.0
11477,34,2500.0
9633,47,990.0
15605,27,38260.0
4275,34,3350.0
8697,52,746.0
16070,26,3428.0
15421,60,837.0
7601,38,3190.0
3268,22,1749.0
8539,34,1490.0
779,34,12810.0
9528,38,7928.0
12596,57,159.0
9747,22,4399.0
7890,11,6580.0
6922,38,2090.0
1131,11,9290.0
9288,22,1799.0
549,26,15650.0
10082,22,1490.0
15298,38,4390.0
7042,38,8820.0
5937,60,1119.0
16799,53,6200.0
3459,52,350.0
15579,47,1790.0
6079,34,12700.0
15231,22,999.0
13572,34,1326.0
15793,57,53.0
1595,11,6700.0
14996,26,6490.0
13520,34,1190.0
15509,50,17.0
10948,50,25800.0
11384,57,399.0
8357,60,4149.0
13554,60,5299.0
12878,34,4570.0
3037,34,1.0
11777,50,3595.0
16972,38,47300.0
1283,22,1899.0
4402,22,5832.0
9945,13,1299.0
6218,22,20880.0
15387,41,16490.0
4807,38,69.0
12943,50,320.0
14313,38,10750.0
3653,34,3880.0
4401,38,10200.0
357,38,85000.0
12061,11,24000.0
14459,53,64311.0
232,41,5999.0
7462,34,475.0
10894,38,3500.0
5417,11,38490.0
7366,22,3490.0
16311,50,6890.0
11503,38,16350.0
2586,27,1990.0
13033,60,999.0
4789,29,1290.0
624,34,67600.0
5797,50,2126.0
11302,26,122990.0
8621,4,13090.0
9585,50,639.0
2937,34,3500.0
7371,38,5406.0
7064,50,8067.0
2550,38,6850.0
8103,34,8500.0
8685,47,2696.0
4528,50,5944.0
552,34,1.0
14892,57,226.0
8403,44,4490.0
15554,27,50490.0
2598,34,17500.0
4072,22,15790.0
16851,60,1852.0
9769,38,5840.0
3784,53,48000.0
3553,60,889.0
5801,41,799.0
3992,27,9800.0
11669,34,11385.0
9691,38,1900.0
8254,34,4880.0
10026,27,7970.0
5612,50,430.0
13466,22,1199.0
13218,27,61490.0
8733,34,4460.0
5843,34,1500.0
11410,16,7979.0
7726,38,6050.0
12175,27,89000.0
16010,11,420000.0
12766,22,2999.0
5788,38,13660.0
5810,38,6300.0
14567,44,24990.0
12154,22,3499.0
14594,27,13890.0
13947,34,46000.0
15778,34,5990.0
2784,34,5950.0
15443,29,2927.0
13785,22,2949.0
16358,38,2580.0
7284,34,315.0
15676,47,16090.0
13894,47,36309.0
9922,22,1399.0
4926,60,5399.0
6961,26,4219.0
858,60,1399.0
7427,38,18054.0
10077,27,8299.0
7257,50,4860.0
13914,4,29590.0
13887,38,18000.0
7800,50,17253.0
1567,29,990.0
12808,38,6990.0
14727,22,1600.0
3169,52,409.0
13221,38,4200.0
9114,60,919.0
7311,34,35000.0
10058,27,5689.0
17269,34,1099.0
2879,34,7490.0
11833,22,3449.0
7586,47,13951.0
10909,5,470.0
7765,34,1.0
1086,47,17890.0
1204,34,6550.0
5850,22,1500.0
15601,9,1590.0
1064,60,1049.0
8184,52,1027.0
10745,38,12880.0
10775,60,444.0
13142,38,8910.0
6297,34,1123.0
11613,41,2990.0
314,34,6810.0
11498,26,28999.0
17291,60,775.0
3781,41,1190.0
9498,38,1844.0
16113,47,490.0
8316,16,6900.0
4157,38,6800.0
15972,38,8750.0
7595,57,1149.0
1231,34,3925.0
5134,52,306.0
9340,26,6605.0
11914,5,10970.0
5717,47,2080.0
4790,25,23599.0
9338,47,14690.0
7763,38,2825.0
7397,34,1.0
7569,22,5149.0
474,22,999.0
13015,22,5800.0
6288,41,19990.0
5950,4,13390.0
5039,50,480.0
11639,38,2640.0
13184,38,7425.0
11723,44,1990.0
15947,52,619.0
10535,22,2790.0
4792,52,323.0
11681,38,3473.0
10291,27,850.0
10826,34,3900.0
1587,34,3290.0
7487,22,3159.0
6300,29,71990.0
6559,41,650.0
1526,60,4715.0
3275,34,3940.0
14837,13,3490.0
16385,47,4990.0
6502,34,4890.0
4119,11,17100.0
8592,5,840.0
9883,47,380.0
7189,60,439.0
12875,50,3455.0
6983,38,3350.0
4725,57,231.0
4290,29,4890.0
6204,11,17870.0
16847,27,5000.0
7224,60,469.0
12704,22,21500.0
14637,34,3480.0
13886,34,35500.0
10284,47,2878.0
12319,22,722.0
15788,50,10869.0
15706,38,14900.0
16015,41,29990.0
9561,27,1400.0
10216,13,7719.0
2739,27,4990.0
5484,34,9850.0
16356,22,1599.0
11206,50,10441.0
6823,34,4490.0
3255,38,700.0
6755,34,0.0
5724,34,7780.0
9638,57,220.0
6464,38,5870.0
11138,41,41500.0
15146,50,7291.0
6605,27,12990.0
11596,60,976.0
583,38,959.0
3079,22,989.0
65,4,53119.5
1282,41,1190.0
13634,57,1600.0
11948,13,2990.0
11753,41,6490.0
7390,27,7420.0
6762,13,20229.0
7470,22,7140.0
14357,34,3980.0
2530,67,1100000.0
15874,29,3710.0
13299,57,33.0
118,38,1786.0
12608,22,1679.0
14030,22,2499.0
3987,2,19990.0
13225,22,5592.0
15487,53,43700.0
12904,41,14990.0
5019,22,6299.0
2475,22,2039.0
9975,34,9700.0
7718,41,50.0
5567,5,1060.0
715,29,489.0
1971,26,37000.0
2866,50,2890.0
3124,44,4990.0
6136,60,1347.0
8578,38,19380.0
15461,34,2095.0
4594,4,13745.0
16499,50,3035.0
3718,34,8880.0
2301,22,1919.0
16268,60,1189.0
12234,50,11290.0
16451,34,4390.0
8191,22,4950.0
4435,34,3450.0
12690,47,1632.0
16819,60,436.0
8884,47,650.0
8850,60,1606.0
5440,60,3119.0
8283,60,623.0
10189,11,10690.0
13246,60,1778.0
1308,53,15900.0
5448,5,1341.0
16505,34,623.0
15445,60,999.0
15894,51,1885.0
16761,22,1949.0
13649,34,6770.0
13241,60,509.0
10886,22,3649.0
3458,34,5810.0
10920,41,160.0
13113,22,3490.0
3887,34,3850.0
3320,27,6840.0
2493,22,1100.0
3961,34,60000.0
4057,60,2199.0
17226,34,1390.0
11659,38,37111.0
3238,22,1949.0
13011,60,879.0
8049,38,990.0
7283,27,12990.0
1547,29,3775.0
13644,34,1.0
1830,38,9000.0
14539,38,4950.0
6958,22,3800.0
3451,29,1124.0
15881,34,3960.0
2941,26,4751.0
10346,44,10990.0
14069,4,11290.0
8858,34,3400.0
2453,22,2112.0
6761,60,409.0
11582,29,850.0
3334,22,2249.0
7739,22,990.0
2273,13,2190.0
9003,60,1284.0
15003,60,879.0
13665,22,1490.0
13436,50,1090.0
1938,38,7400.0
15913,27,4790.0
10381,38,3340.0
8823,25,21290.0
11055,27,23990.0
17507,34,3810.0
11323,52,799.0
17478,34,15000.0
6704,27,13600.0
14711,60,1599.0
9326,52,1013.0
9319,34,12000.0
3071,34,8810.0
16813,22,3000.0
661,27,19990.0
1215,52,422.0
10863,34,11438.0
1108,38,11800.0
7876,60,5052.0
15147,38,16700.0
14706,34,1700.0
3622,50,1372.0
5629,22,1954.0
9645,41,690.0
17092,57,101.0
6210,16,21590.0
11472,22,399.0
16567,26,9990.0
11787,34,4000.0
17263,47,15590.0
13940,50,43890.0
2962,50,119.0
12689,38,990.0
13310,16,16199.0
1161,11,13590.0
6267,41,990.0
7957,60,799.0
14177,22,3349.0
10601,50,10800.0
2376,27,12990.0
8647,50,2390.0
13433,27,750.0
7119,25,1800.0
17009,34,4000.0
17088,47,1990.0
13384,50,244.0
14756,9,390.0
5183,50,33571.0
4673,34,3850.0
13050,53,44765.5
12980,41,16990.0
4907,53,25600.0
9470,22,744.0
17352,38,5100.0
8730,27,6990.0
6864,22,189.0
7961,34,7000.0
8090,34,33000.0
11252,41,590.0
17224,29,950.0
15297,60,951.0
3265,52,753.0
7622,34,7880.0
10616,60,436.0
3185,16,11628.0
15508,38,8859.0
3194,60,1559.0
16593,52,1000.0
10167,26,900.0
15122,22,6290.0
906,34,1.0
4051,52,892.0
12823,34,3820.0
3027,50,3980.0
16938,22,15490.0
6335,22,2799.0
7250,60,1009.0
4829,34,8450.0
4066,36,69990.0
16225,34,3910.0
4084,41,875.0
5345,60,819.0
2253,60,1099.0
11889,50,5531.0
15105,34,8500.0
10977,22,889.0
11694,34,14000.0
12905,26,19779.0
764,34,4440.0
15189,22,4999.0
4362,34,8890.0
1399,34,65330.0
12885,38,6796.0
11428,38,5279.0
393,41,1390.0
7511,22,3290.0
4217,34,3003.0
2972,22,829.0
10727,34,6500.0
12923,22,1599.0
3663,34,4810.0
16970,60,1099.0
2113,38,15890.0
8602,41,750.0
3838,60,990.0
3004,34,2890.0
17023,34,3480.0
12532,26,2349.0
148,22,4900.0
3385,27,3200.0
17102,26,35881.0
7448,34,5000.0
8187,22,1104.0
1123,22,6700.0
6798,38,13490.0
14999,38,11850.0
14771,60,1259.0
2114,34,3690.0
1057,29,1250.0
4555,41,390.0
3816,60,484.0
727,38,52178.0
2121,34,7560.0
440,27,13790.0
8807,22,3499.0
12247,38,11590.0
16074,34,1590.0
793,60,1399.0
3719,60,1399.0
7994,22,5362.0
3567,41,5990.0
4130,34,51490.0
2422,34,6490.0
537,34,112000.0
15935,34,5440.0
154,22,1299.0
16825,60,1649.0
10211,22,2974.0
209,50,8180.0
6455,46,1073.0
16077,38,4790.0
13764,50,8600.0
3766,37,18000.0
4171,60,1919.0
597,34,4800.0
431,26,1990.0
13158,47,4942.0
5777,41,2990.0
6327,22,2249.0
13149,34,9760.0
10545,11,6590.0
13456,4,15990.0
4998,13,11990.0
10499,53,16000.0
13234,22,1499.0
5693,22,2390.0
14433,5,2061.0
14274,34,21400.0
8326,27,900.0
16665,47,7500.0
1324,44,1490.0
12633,60,1099.0
10931,52,8260.0
2775,22,1790.0
17220,41,15990.0
1475,50,3690.0
5982,27,29599.0
6877,22,1399.0
17482,26,1189.0
4628,38,25990.0
11961,60,801.0
17344,41,1734.0
2673,22,2889.0
15752,2,22990.0
15567,22,1699.0
9471,38,15450.0
12341,41,2390.0
6067,50,379.0
5645,60,1799.0
1636,38,4350.0
17453,22,9149.0
10174,38,3050.0
15843,44,1690.0
15465,47,2790.0
2006,34,165000.0
1235,22,2319.0
10612,34,1.0
3753,60,903.0
6748,60,773.0
12277,60,2204.0
9088,38,5400.0
10372,4,9700.0
16439,41,59990.0
17500,38,5850.0
11821,27,20990.0
1506,34,4570.0
484,11,69900.0
8984,50,4790.0
13040,41,14490.0
775,38,3360.0
10354,38,11060.0
13224,34,2890.0
6244,38,4307.0
13248,34,2690.0
13413,60,3899.0
10369,38,12990.0
16936,34,2500.0
10952,60,1885.0
16061,47,1540.0
3429,47,7506.0
4927,34,0.0
142,34,1000.0
4074,60,2749.0
12450,34,30629.0
12769,50,39805.0
5492,26,37000.0
13308,22,1799.0
8445,47,2956.0
6187,38,4950.0
11298,60,3119.0
16645,34,3830.0
14562,22,11990.0
3619,5,999.0
16319,47,605.0
14857,22,8490.0
13917,22,9192.0
14032,27,5800.0
1288,60,719.0
14359,4,13650.0
3568,60,599.0
9628,52,431.0
7052,27,38100.0
14610,26,1374.0
5643,50,1527.0
9383,34,6000.0
14017,2,48990.0
10095,38,10150.0
12021,34,590.0
12989,11,17990.0
3523,50,1830.0
12244,60,5099.0
6549,26,12000.0
11558,60,698.0
16388,25,7990.0
1902,41,16990.0
15604,34,9000.0
13372,34,1900.0
2589,22,4999.0
1674,22,799.0
10635,50,1040.0
10782,57,50.0
7741,34,2350.0
11079,41,19990.0
10538,26,12990.0
14402,29,2190.0
9815,60,1055.0
16807,52,580.0
8073,53,2700.0
12119,41,8990.0
9142,60,892.0
15349,38,16200.0
13514,38,37200.0
8062,38,9130.0
16239,11,8990.0
6346,52,394.0
10088,38,39630.0
5327,36,59990.0
6105,41,3750.0
3171,41,490.0
4039,41,750.0
288,34,334800.0
10663,50,3407.0
13731,47,3890.0
17005,34,1490.0
13107,34,5000.0
15649,60,1549.0
8346,5,590.0
12337,41,18990.0
3644,41,16990.0
3298,34,3390.0
14373,41,6990.0
12001,16,2990.0
7738,38,8500.0
10478,34,2300.0
3547,34,3690.0
11029,26,35168.0
5798,38,9400.0
11578,50,3500.0
3637,38,5950.0
2553,25,12490.0
3826,50,200.0
17255,38,715.0
4220,22,1127.0
641,60,879.0
14548,38,3510.0
11656,34,1690.0
15569,26,490.0
2024,22,1199.0
11210,44,6990.0
12538,38,28500.0
8641,29,2631.0
10812,34,4830.0
14757,34,2799.0
10551,38,3800.0
5047,38,780.0
14982,22,1949.0
2957,27,6480.0
10501,50,7450.0
13286,22,1899.0
10334,27,3500.0
13096,38,6000.0
12997,5,4790.0
2319,11,7990.0
13814,44,28490.0
9508,41,1700.0
5104,44,6990.0
7882,34,3600.0
6691,60,4549.0
2283,38,308.0
14754,38,13180.0
12484,29,3990.0
9874,50,348.0
16444,11,240000.0
8301,47,1709.0
15937,38,4170.0
3920,60,1681.0
15160,27,16990.0
16835,29,2065.0
2449,34,4430.0
6894,50,1580.0
12950,41,360.0
6403,34,5510.0
3588,11,5090.0
16873,34,4550.0
3112,29,4790.0
17167,60,3299.0
11483,34,19800.0
10768,34,1.0
4656,60,839.0
10096,22,3843.0
12660,4,14270.0
1272,38,6800.0
13332,22,2609.0
14450,34,11760.0
2173,22,1999.0
6301,34,5690.0
2810,41,6990.0
5174,41,650.0
5904,41,6990.0
3728,4,4600.0
4633,22,4200.0
803,11,9000.0
1289,22,1050.0
4379,47,308.0
1590,34,3410.0
5674,5,7188.0
3018,34,3910.0
13297,60,671.0
16926,50,75.0
16591,22,2199.0
6710,34,2900.0
7864,29,994.0
12939,34,9770.0
14545,22,13990.0
1954,57,140.0
6385,26,990.0
1074,38,9452.0
704,60,1359.0
11969,29,3690.0
14140,51,11590.0
8252,9,780.0
5253,27,87300.0
16330,4,12790.0
16776,60,583.0
662,44,6490.0
14745,50,2270.0
6362,26,6507.0
10111,38,6550.0
1066,11,76990.0
12683,2,44990.0
3896,38,8750.0
12732,52,318.0
6226,38,13990.0
2620,22,6559.0
9603,26,18990.0
15868,34,4970.0
5579,34,4810.0
4969,4,8950.0
5497,38,4026.0
3202,57,252.0
897,47,4067.0
5678,52,316.0
13191,34,735.0
14065,34,4800.0
3926,60,878.0
5714,27,3700.0
11704,34,3430.0
8146,60,4699.0
5966,60,671.0
16020,22,4000.0
11765,47,1041.0
9824,34,1690.0
14303,36,75990.0
15908,60,839.0
1684,22,1999.0
4294,44,37990.0
2429,27,550.0
9843,38,4800.0
4110,38,6160.0
3360,52,701.0
2084,29,3788.0
5062,29,4990.0
11002,36,104990.0
8457,22,1425.0
8963,38,9970.0
11462,57,614.0
11046,41,990.0
14749,41,10990.0
1750,60,1552.0
8658,60,1597.0
16341,38,4982.0
15108,29,469.0
10471,60,5999.0
13216,38,4982.0
13441,60,1359.0
200,38,3790.0
2242,50,545.0
420,38,22700.0
9092,47,36699.0
10548,34,2567.0
3675,11,8390.0
2007,25,34400.0
4955,50,1820.0
12112,47,668.0
10707,29,1150.0
15238,38,26900.0
2459,9,990.0
4013,53,98124.0
239,22,540.0
824,47,1550.0
3225,38,5400.0
281,60,599.0
1457,38,20630.0
12081,34,1490.0
7820,38,6990.0
9045,50,8290.0
11691,57,62.0
6620,53,5900.0
9844,22,1490.0
1841,4,10790.0
14671,46,2358.0
2380,25,9490.0
1558,34,3390.0
8814,27,6000.0
12425,57,174.0
8664,38,2100.0
2714,38,800.0
6330,27,29990.0
2179,38,34605.0
8492,27,9320.0
17213,34,6390.0
16748,38,5050.0
15165,29,1024.0
6917,46,229.0
260,50,16900.0
7784,27,2503.0
6903,22,2974.0
2991,50,2268.0
17399,22,15014.0
8345,60,627.0
10974,22,2800.0
5254,34,8750.0
3763,38,13920.0
10630,38,23770.0
5667,22,1949.0
9599,29,4464.0
3435,34,7700.0
6951,38,3890.0
8076,37,18000.0
15735,41,8990.0
219,34,4850.0
14595,50,550.0
2353,22,3999.0
15185,60,4399.0
827,22,5499.0
3806,38,2127.0
16495,38,3690.0
2214,47,859.0
194,16,6790.0
11563,22,5000.0
14527,13,500.0
8122,22,18990.0
9157,22,2159.0
3506,60,2357.0
14221,38,14000.0
16242,50,47000.0
8852,50,421.0
318,34,3800.0
15008,22,849.0
1748,34,0.0
14061,22,12990.0
7098,41,7990.0
13371,41,16790.0
15234,29,350.0
14544,38,10600.0
17480,52,382.0
12706,22,1090.0
9131,60,1317.0
8018,60,3110.0
16736,50,13000.0
15705,60,1678.0
10879,34,1.0
1543,60,3499.0
16062,34,11100.0
8513,38,4900.0
14509,41,690.0
7991,34,3500.0
7585,50,3090.0
1979,38,4750.0
4849,26,19390.0
7128,37,15000.0
11295,52,353.0
3394,38,2492.0
10298,34,5810.0
4824,27,27590.0
13773,57,74.0
13740,38,7200.0
6568,38,5400.0
249,11,33990.0
5173,50,47216.0
13459,47,1270.0
6223,60,488.0
15729,57,41.0
1757,26,99990.0
244,4,39450.0
3040,60,1165.0
16047,41,1290.0
12656,47,780.0
7619,22,5690.0
3011,50,3119.0
8804,60,1399.0
10990,2,62563.0
3138,60,1248.0
6128,51,5990.0
264,34,3960.0
6107,22,92.0
4431,38,99000.0
15924,38,600.0
4334,50,68929.0
14504,9,550.0
17085,34,75.0
17388,5,2712.0
15060,22,18990.0
3646,50,82281.0
16009,22,2799.0
10784,37,35000.0
11437,38,10000.0
6995,41,2890.0
4466,34,3860.0
11738,22,2249.0
11531,41,3490.0
8120,35,4290.0
9256,38,1249.0
1260,60,991.0
4145,38,18070.0
4297,22,1949.0
7073,41,15500.0
11905,60,3599.0
8417,5,670.0
1602,38,6200.0
6280,52,1057.0
6004,34,10800.0
9036,22,5949.0
5755,34,6500.0
8660,22,2399.0
4796,27,21990.0
3242,25,14990.0
12753,51,4790.0
2461,47,2290.0
15471,25,10650.0
7764,34,1590.0
11714,34,11731.0
15561,27,7950.0
14024,34,14500.0
1976,22,977.0
15153,34,890.0
10064,60,1499.0
418,26,24500.0
7653,34,31000.0
11386,27,18790.0
10301,22,1039.0
13983,27,2990.0
16055,38,11350.0
13314,29,1950.0
8473,41,9990.0
3834,22,1912.0
16792,38,17400.0
1006,22,2190.0
574,60,4842.0
16899,38,16700.0
14976,38,997.0
282,25,18990.0
16804,4,19992.0
6071,34,4490.0
7315,13,990.0
8240,38,1358.0
5187,38,10500.0
15560,38,10000.0
13584,38,20836.0
120,38,19410.0
17433,41,6990.0
12838,2,10500.0
10624,34,4820.0
7028,41,150.0
1022,60,1099.0
1974,34,3800.0
10190,22,6290.0
14214,27,23490.0
16314,22,1274.0
6816,60,1399.0
616,11,5000.0
8944,27,3600.0
16964,60,1099.0
2151,38,16350.0
2599,38,5000.0
11622,22,2900.0
8759,37,25000.0
13861,2,22523.0
5261,34,3000.0
1703,22,967.0
7089,41,690.0
15898,22,1099.0
15273,52,810.0
7687,47,941.0
7977,52,312.0
1017,41,5049.0
5115,50,1630.0
630,35,6250.0
6126,34,3790.0
708,38,3950.0
8839,38,17990.0
16329,16,4587.0
2025,47,3990.0
17446,52,654.0
11047,27,7025.0
4712,38,9159.0
15503,50,10036.0
12930,60,590.0
10347,60,2999.0
14956,50,824.0
14547,22,5799.0
12755,60,909.0
13728,44,24990.0
9235,22,6299.0
17087,50,60.0
5424,9,780.0
10310,41,230.0
8113,34,1090.0
11344,51,2450.0
1738,27,8750.0
4413,50,119847.0
10755,4,7550.0
16110,50,6020.0
3002,60,1099.0
14401,50,3950.0
9286,22,5900.0
1855,41,6490.0
7165,25,7190.0
13023,38,4170.0
16524,60,2999.0
12518,34,9130.0
3966,38,6800.0
13970,9,1790.0
1753,34,1.0
9964,47,9390.0
17353,34,4840.0
4194,22,3000.0
5000,34,4810.0
11401,34,2900.0
6150,22,155.0
13702,34,2750.0
5,47,5842.0
7296,50,11939.0
17172,60,1699.0
2671,38,26510.0
9254,34,3900.0
9718,47,650.0
4277,41,13990.0
4815,38,3210.0
3875,51,1990.0
14306,2,18990.0
3943,41,4450.0
2899,41,1190.0
9592,27,27599.0
5807,16,6290.0
5356,41,3990.0
13892,22,4399.0
15555,34,1290.0
4942,60,747.0
6449,22,1650.0
7292,60,2749.0
5399,38,19200.0
9876,60,5599.0
11380,38,193800.0
10396,27,22190.0
11165,50,200.0
1745,41,5990.0
12416,34,9000.0
7419,38,4850.0
14440,34,4930.0
2813,22,2490.0
4329,22,849.0
4767,4,16400.0
5222,38,1098.0
9752,9,299.0
13429,60,1039.0
9595,13,2290.0
16912,38,1150.0
571,60,1190.0
11150,22,990.0
15948,26,5005.0
3544,50,3176.0
14804,5,6641.0
10387,60,2639.0
10384,34,17400.0
15993,22,89900.0
6998,41,5000.0
3278,27,17430.0
11721,50,41690.0
2204,38,12650.0
3929,38,5190.0
1316,22,2079.0
15191,34,620.0
2575,36,91800.0
11654,34,2000.0
7729,22,3000.0
3406,22,2399.0
4943,34,7720.0
11032,60,447.0
12399,22,4490.0
12040,25,3590.0
11076,38,7050.0
16333,60,976.0
10885,41,74990.0
8023,60,629.0
13204,60,2899.0
13069,38,119000.0
7493,50,4772.0
2191,38,47600.0
11352,25,18990.0
17444,38,15500.0
1870,60,1649.0
15433,41,4690.0
10302,22,6650.0
1994,50,110.0
14876,38,18400.0
298,29,1200.0
11223,34,3840.0
7007,27,41990.0
16836,27,4999.0
13921,26,60060.0
9897,47,7018.0
10071,50,8690.0
7301,34,1290.0
8946,29,130.0
10308,27,15490.0
4887,60,1039.0
16083,38,2000.0
13155,41,630.0
4557,50,45839.0
3444,34,4780.0
9194,50,6990.0
16254,60,1099.0
14904,50,54503.0
15001,22,1199.0
6891,52,734.0
8767,41,14990.0
9462,22,1317.0
8381,38,4950.0
5709,22,4440.0
15859,60,729.0
7368,38,59900.0
369,60,914.0
7732,26,12949.0
9241,50,1290.0
8178,13,12990.0
17156,50,579.0
14259,57,109.0
12524,41,7490.0
15621,38,3690.0
3551,38,18000.0
14762,22,1359.0
10337,26,14700.0
11168,53,3499.0
7227,47,2190.0
17175,22,4149.0
15990,22,2990.0
7494,27,2800.0
11664,5,9980.0
9664,34,2000.0
7143,60,1649.0
1609,22,2249.0
15673,22,5690.0
5715,60,1919.0
8755,60,1439.0
9539,50,10500.0
8593,38,3595.0
17180,34,3303.0
15805,38,16700.0
3776,37,10000.0
11043,47,2221.0
10380,50,5127.0
8829,34,4950.0
16092,2,900.0
5885,34,125000.0
1096,22,1899.0
3312,22,838.0
15240,50,3690.0
4097,22,2249.0
14307,47,45240.0
1148,27,36110.0
1842,26,91900.0
15696,67,1000000.0
7198,60,2499.0
14561,27,6600.0
4437,22,2190.0
7338,47,1332.0
15468,34,9720.0
6930,22,3200.0
13939,34,1545.0
4719,38,6800.0
13237,34,1590.0
3352,9,1290.0
112,27,450.0
6784,29,2239.0
14869,50,179.0
1593,27,74990.0
5441,52,586.0
3595,22,2422.0
1081,22,2349.0
1160,50,1890.0
11660,51,9990.0
5584,9,3659.0
7335,34,11650.0
5131,34,6482.0
3409,22,2290.0
7526,11,2340.0
15115,34,7700.0
15348,38,2530.0
184,22,11490.0
6909,47,2642.0
12586,22,35990.0
4024,37,28000.0
15207,26,15999.0
11883,50,320.0
4773,22,1999.0
10160,50,12294.0
16755,22,3599.0
4502,29,1229.0
7912,22,11799.0
9316,38,2000.0
5909,16,23379.0
9984,38,14880.0
16614,38,14720.0
3189,27,510.0
16668,47,956.0
8975,46,3005.0
670,34,60000.0
6277,50,244.0
5552,34,9500.0
12767,51,4255.0
10038,60,1249.0
3026,25,26598.0
14897,5,9790.0
5159,34,6650.0
6185,60,2673.0
36,22,4490.0
16987,60,2639.0
4106,50,11490.0
374,41,1895.0
637,27,32490.0
15194,51,5990.0
15363,50,106.0
4249,47,4090.0
14748,44,47950.0
802,47,36600.0
14868,38,15120.0
3073,50,412.0
12593,22,2199.0
7394,34,3490.0
13132,60,539.0
1939,41,1670.0
9946,34,1.0
11523,11,6500.0
2321,34,7000.0
3322,47,790.0
9808,22,3199.0
11126,60,1149.0
2625,34,4000.0
11999,26,4990.0
11975,60,1248.0
12177,29,950.0
13010,50,2129.0
11438,38,6850.0
362,50,649.0
3489,38,18000.0
17186,50,2620.0
9087,22,530.0
9429,52,438.0
12072,53,238680.0
5088,34,9760.0
13791,27,72990.0
3159,50,1100.0
12299,22,3849.0
13818,22,3990.0
11789,22,14990.0
222,34,6940.0
8329,38,5550.0
11608,9,1699.0
3366,60,1359.0
8922,29,549.0
590,25,775.0
14317,50,470.0
3412,41,790.0
15393,38,180.0
3200,41,130000.0
3665,34,4930.0
3678,60,721.0
303,34,12880.0
15867,38,12500.0
10319,5,1239.0
1038,60,799.0
12563,38,5850.0
12649,22,5990.0
3231,38,28330.0
591,34,55500.0
13430,22,829.0
1574,50,7493.0
7038,36,13390.0
5318,38,8570.0
17324,38,11800.0
16721,27,51320.0
14309,41,15990.0
13577,29,989.0
4459,41,15490.0
15199,47,7199.0
6601,22,2449.0
5076,22,6899.0
14855,34,6970.0
10047,41,4490.0
3918,41,330.0
9071,38,6950.0
15436,34,3570.0
11156,22,2199.0
4244,22,2039.0
14794,34,10140.0
6936,25,26990.0
912,29,4999.0
830,38,2190.0
6411,34,3790.0
15085,26,4790.0
6770,47,2990.0
16830,34,2690.0
6498,38,9600.0
15683,47,990.0
12396,22,2899.0
10978,60,789.0
15743,41,7490.0
13605,50,110.0
11017,57,144.0
14273,60,934.0
11750,47,60300.0
12242,41,29990.0
2021,34,2150.0
7854,22,1019.0
12827,22,4676.0
12557,34,6080.0
13275,34,3850.0
15281,5,15990.0
14237,50,28974.0
562,60,2999.0
6201,38,10500.0
1848,44,1750.0
17348,34,1790.0
3007,52,362.0
901,22,2499.0
10493,60,2549.0
17342,38,10800.0
15873,25,22479.0
1440,60,1017.0
2291,34,13300.0
2115,60,479.0
12447,41,8990.0
16698,38,14490.0
13980,34,3800.0
5916,22,11700.0
7760,38,8610.0
768,57,1990.0
7499,38,2825.0
14112,38,5952.0
7905,38,6650.0
15282,38,7550.0
15485,22,599.0
17484,22,23400.0
12848,60,1529.0
5620,60,2664.0
4259,38,10800.0
6135,26,1800.0
10327,34,6000.0
15172,60,1034.0
5695,26,1159.0
13037,57,1390.0
1222,38,2150.0
3540,34,32400.0
4088,22,5699.0
16016,25,32990.0
16264,60,1099.0
7085,38,15240.0
8951,38,32990.0
16587,34,3960.0
7816,9,2890.0
565,60,664.0
10759,2,29990.0
4225,34,2400.0
14546,25,32990.0
12315,37,12000.0
1463,27,13990.0
2078,25,13990.0
7770,27,3000.0
6116,13,23900.0
2352,41,9990.0
6456,26,569.0
14599,2,34700.0
16086,47,4290.0
3309,34,6500.0
15685,50,3090.0
15964,13,1990.0
17479,60,483.0
8678,34,3910.0
14348,38,23580.0
14681,38,7616.0
9342,38,31990.0
8069,27,8500.0
16600,60,1199.0
6789,57,184.0
5437,52,468.0
14426,27,25990.0
2889,34,4740.0
5381,22,4990.0
9971,38,4800.0
9218,16,34990.0
12272,50,6690.0
8739,5,476.0
2788,22,1999.0
14655,38,7600.0
13978,22,4699.0
8396,38,8590.0
9751,34,5000.0
192,22,4200.0
9322,22,220.0
7808,60,1999.0
1505,60,1246.0
1150,2,54990.0
45,38,2900.0
1115,38,3486.0
10804,50,467.0
1384,5,3990.0
16886,38,1090.0
2616,50,5900.0
17405,22,4046.0
11594,60,874.0
16373,50,1836.0
2977,5,406.0
2096,38,9990.0
2748,22,764.0
3081,38,168000.0
4284,47,90.0
7608,29,2300.0
12665,22,2974.0
13784,38,38900.0
10185,11,22990.0
4793,34,25000.0
5725,34,5560.0
7216,38,24990.0
13293,22,4749.0
6440,37,12000.0
9121,13,2899.0
9794,38,2200.0
9343,27,704.0
15713,34,6820.0
13052,38,13000.0
1466,60,890.0
11727,51,2990.0
5214,34,690.0
15896,22,1999.0
6113,34,9860.0
6377,38,50000.0
17104,34,38000.0
1452,38,1800.0
174,38,23200.0
135,50,9290.0
1761,22,20855.0
6057,38,3190.0
2247,34,5652.0
10360,34,7770.0
8054,29,800.0
14156,34,19150.0
5500,38,5426.0
1451,29,3800.0
14476,50,8390.0
5537,38,2640.0
12379,5,372.0
3962,5,42802.0
5657,22,1999.0
859,41,630.0
9263,38,4760.0
14174,34,4740.0
14843,27,53490.0
14889,47,3300.0
6706,27,16589.0
2284,38,15600.0
15783,26,1902.0
17338,41,61990.0
5554,38,10002.0
10044,60,1119.0
14652,22,3000.0
10801,60,2549.0
3645,38,6300.0
15198,52,408.0
3609,50,12313.0
7941,34,1390.0
15157,37,35000.0
12936,34,4870.0
16280,50,125.0
15547,38,4690.0
14788,22,2490.0
15681,41,590.0
13551,22,3999.0
6083,41,990.0
2963,34,15560.0
11497,27,950.0
11867,25,12490.0
6717,60,4244.0
10368,38,5250.0
1791,27,79990.0
9040,11,10110.0
6518,41,1590.0
3968,22,4399.0
13912,47,1759.0
14441,51,16990.0
13294,60,1099.0
2951,27,33990.0
12473,34,6000.0
60,22,2749.0
11778,5,1800.0
10386,60,1529.0
17178,34,1950.0
11518,27,6790.0
13000,22,20855.0
856,26,1209.0
14750,34,4490.0
5207,34,71270.0
7768,47,44070.0
9884,26,14920.0
1809,29,2200.0
8171,38,14900.0
13719,27,38260.0
13962,38,2150.0
4503,34,2229.0
6803,38,13678.0
3481,27,39990.0
12339,50,892.0
1225,38,11028.0
11496,50,1325.0
6190,34,24200.0
5804,26,7189.0
6095,38,2950.0
2722,38,2290.0
11095,47,1502.0
7181,51,8891.0
1982,22,8490.0
649,50,110.0
9258,52,356.0
10005,13,13990.0
6523,34,5900.0
6391,60,1149.0
12579,34,4820.0
8142,47,7520.0
6712,22,2319.0
15715,53,16370.0
2695,60,505.0
6573,38,16700.0
9490,22,3299.0
8043,50,1403.0
2309,38,5050.0
4779,34,3830.0
13506,34,444.0
1781,34,18000.0
11823,38,14690.0
5054,22,4300.0
14761,22,1699.0
4034,22,1199.0
1280,27,20999.0
9973,41,1390.0
8677,29,3539.0
3858,47,1571.0
5936,38,26000.0
5097,27,74990.0
16929,22,4699.0
4126,47,8083.0
1290,60,400.0
6918,27,1250.0
8128,41,4850.0
13086,50,165000.0
3490,27,1490.0
8583,27,3000.0
10831,60,819.0
4032,52,481.0
11760,5,530.0
16915,41,490.0
17105,22,1830.0
10736,36,13557.0
3372,34,4920.0
1858,5,2500.0
12488,34,3500.0
7230,4,62100.0
7547,22,1490.0
15142,38,14500.0
16347,38,11850.0
12504,60,3119.0
10962,34,3890.0
14979,34,1590.0
9274,22,2676.0
9189,11,13400.0
17289,38,285.0
13581,41,10990.0
13812,38,3200.0
13056,60,3119.0
138,26,5900.0
16349,60,599.0
14087,50,432.5
13355,22,2299.0
6992,22,2800.0
13291,60,1291.0
990,22,33200.0
8420,34,6990.0
7554,13,30000.0
5813,38,21500.0
12411,22,4999.0
5102,34,30000.0
606,37,25000.0
38,50,1090.0
10172,34,4500.0
5070,34,6840.0
5001,34,153325.0
15431,34,3870.0
13380,2,41990.0
13002,50,523.0
9689,50,345.0
1019,9,430.0
11896,47,1590.0
16194,27,950.0
16850,16,76990.0
9759,34,19000.0
11006,60,891.0
4121,34,5000.0
16143,22,3500.0
2329,27,65800.0
14269,44,1342.0
1664,50,986.0
3023,38,6850.0
15996,34,1227.0
10016,22,1199.0
15518,22,2999.0
14830,34,3930.0
12225,38,12750.0
7929,44,990.0
6339,26,2563.0
17440,38,3673.0
13648,38,795.0
10000,38,23990.0
1589,22,2949.0
10802,22,700.0
11010,47,1757.0
15806,34,44100.0
9707,22,4500.0
17442,34,961.0
1615,60,1482.0
10793,41,1190.0
9091,38,63142.0
10256,27,22490.0
9253,34,23800.0
9248,29,3990.0
10468,22,1529.0
270,34,3970.0
13707,11,18000.0
6290,22,6490.0
3840,34,10990.0
4343,34,5500.0
1048,50,3090.0
14419,11,3090.0
8971,22,26693.0
5961,22,1699.0
14707,41,17000.0
8803,38,12550.0
1992,38,9780.0
14217,53,3400.0
10967,38,1671.0
14879,38,6990.0
14189,26,5999.0
16991,27,55300.0
4411,44,850.0
7933,38,9740.0
7159,60,1249.0
15668,50,1515.0
1940,38,7900.0
13714,26,19700.0
16360,13,25926.0
10136,27,51320.0
13975,22,1899.0
950,34,1290.0
63,27,6500.0
16025,26,32990.0
16468,34,328.0
13889,34,12550.0
17191,38,8000.0
13242,9,550.0
14729,27,52000.0
12442,46,216.0
8107,22,1890.0
8231,22,3799.0
12702,51,5390.0
1815,41,5049.0
12428,60,1167.0
16793,22,2719.0
12501,47,8590.0
12429,38,43350.0
12616,34,790.0
2782,34,6500.0
12900,60,4380.0
2149,13,29990.0
3483,34,11730.0
12824,25,1590.0
9050,18,2299.0
5170,50,7413.0
1174,2,13700.0
8207,50,2925.0
15145,60,783.0
5480,37,2000.0
471,60,1234.0
9525,34,1.0
8872,34,2900.0
2516,44,5490.0
8532,38,7340.0
3556,34,12890.0
10927,38,7100.0
11796,47,1759.0
3877,41,990.0
3468,34,3999.0
13140,60,1099.0
11624,22,3000.0
9160,4,5290.0
5007,47,11150.0
7075,41,10990.0
16822,27,14500.0
10676,22,12514.0
8940,38,8350.0
16120,13,1490.0
11171,34,1741.0
5090,27,32990.0
7518,29,1200.0
9986,22,16490.0
11468,50,2759.0
13418,38,18000.0
3761,2,17518.0
3370,26,1299.0
16229,34,12730.0
11680,34,4790.0
16475,38,8050.0
158,41,6990.0
16971,50,11939.0
11427,38,17535.0
11064,22,1490.0
13366,26,10010.0
9239,27,24999.0
12165,60,484.0
762,9,360.0
3332,50,696.0
7325,34,8500.0
17379,22,4599.0
5304,34,0.0
4694,34,4300.0
1576,34,3500.0
5917,50,945.0
4236,34,1.0
17010,60,1445.0
13672,60,690.0
16135,22,2464.0
10239,34,11500.0
8149,36,22600.0
7063,27,2400.0
1207,38,959.0
12312,50,27300.0
10192,25,21000.0
14423,60,849.0
10265,26,8990.0
5819,52,580.0
14033,34,25000.0
11937,9,2590.0
2106,50,11300.0
13028,60,220.0
9345,57,279.0
4506,41,2100.0
14518,34,4390.0
1187,27,8740.0
807,50,7800.0
16335,9,5290.0
9240,60,592.0
14134,34,17000.0
14255,57,99.0
7538,34,5000.0
10573,60,430.0
11041,22,4799.0
2289,22,1799.0
7288,50,24400.0
14169,36,34990.0
1956,22,22522.0
1344,60,969.0
2393,50,799.0
11635,38,12000.0
18,60,3717.0
9740,22,2799.0
6080,34,7860.0
4321,34,11900.0
1273,22,2319.0
4989,16,999.0
14455,27,8990.0
3751,38,10990.0
3167,60,1198.0
6892,34,7950.0
12581,22,4949.0
14045,27,42320.0
9099,50,13291.0
2717,60,424.0
14042,38,31883.0
15830,11,11990.0
12600,18,7629.5
1033,22,1599.0
14688,44,8008.0
3988,22,3499.0
9132,52,778.0
14328,34,9830.0
7935,38,732.0
2497,16,6349.0
1656,60,849.0
9851,27,56990.0
3770,11,8590.0
14631,4,5230.0
17401,60,408.0
5742,11,180.0
13802,60,5052.0
11341,34,3460.0
13271,38,49006.0
17020,22,2799.0
240,57,109.0
12263,50,1892.0
17182,38,15565.0
10067,22,596.0
7631,60,760.0
14613,38,12516.0
6808,57,226.0
4848,34,3290.0
12338,27,69950.0
2428,27,59200.0
3395,22,2149.0
4517,41,20990.0
8460,38,59990.0
14299,41,2990.0
9521,38,3100.0
4931,41,7690.0
9449,38,10450.0
16109,34,4745.0
3835,26,1175.0
1552,50,1290.0
2126,34,44000.0
17074,22,2450.0
5879,29,4639.0
3716,22,1490.0
16152,46,1675.0
15241,50,11914.0
10318,34,8500.0
14768,29,340.0
4721,34,6000.0
7068,38,13347.0
14963,11,72000.0
1534,38,19380.0
4472,50,1455.0
5199,22,1199.0
12248,60,1439.0
13796,34,7500.0
1873,44,13990.0
10518,38,9060.0
12705,38,4170.0
14981,27,3900.0
15498,27,34600.0
13182,22,450.0
15981,29,1609.0
15143,57,39.0
2362,52,377.0
4993,41,10990.0
11200,34,990.0
2484,38,4900.0
12358,34,6770.0
3643,38,10350.0
1069,34,1.0
17126,13,990.0
9483,29,950.0
13390,27,15490.0
10770,50,1900.0
14053,47,2199.0
10453,34,6790.0
11590,60,2799.0
11115,38,7400.0
1555,44,39990.0
17487,38,160.0
3262,22,20855.0
595,4,34100.0
15268,34,10980.0
2480,38,4989.0
15750,60,684.0
4738,34,17500.0
7838,57,219.0
8273,60,3199.0
8486,11,10780.0
16134,5,340.0
3436,38,7950.0
201,22,7490.0
2713,38,1141.0
5828,41,2490.0
15095,22,3600.0
10939,29,790.0
109,9,610.0
6812,34,900.0
255,27,15690.0
15804,47,2590.0
14356,41,53990.0
10550,34,6740.0
5862,4,15470.0
15626,37,25000.0
3126,22,4749.0
5150,29,1250.0
14853,47,2400.0
5875,34,37375.0
11526,34,5880.0
3111,22,89900.0
13571,60,955.0
11292,34,711.0
1487,47,199.5
14850,41,690.0
14335,60,755.0
12695,38,19490.0
1170,22,3390.0
3495,5,4401.0
5989,34,28900.0
3307,47,3041.0
3147,34,4810.0
2031,41,2600.0
14991,34,1.0
10053,27,60490.0
6799,51,7590.0
9512,41,58990.0
11697,38,5990.0
8672,44,22990.0
4270,27,12990.0
1524,9,360.0
3149,34,4850.0
9423,13,10990.0
5287,22,1079.0
13370,27,1890.0
16746,22,1499.0
3714,38,1690.0
2656,15,289.0
14933,38,15000.0
8097,34,4090.0
1341,60,23505.0
2533,41,990.0
2726,34,6590.0
16758,22,5500.0
7107,60,1571.0
7484,26,19999.0
924,34,13500.0
15045,34,8860.0
2623,26,25999.0
2172,41,5590.0
3105,60,599.0
1459,29,1790.0
7378,60,1946.0
6607,41,10990.0
1727,22,1919.0
2458,34,13000.0
5494,60,455.0
17297,47,9571.0
117,53,4550.0
6118,50,2840.0
10175,34,990.0
7885,22,849.0
6731,50,12795.0
13344,5,490.0
1620,50,2230.0
14908,60,2399.0
16984,38,6990.0
5058,38,10750.0
14081,38,3390.0
11866,22,8750.0
9522,34,4540.0
14046,50,14500.0
7987,25,7690.0
11281,34,7870.0
11488,41,590.0
17327,50,909.0
3493,34,0.0
16913,47,2790.0
12742,11,55990.0
7568,50,12600.0
13313,34,12890.0
313,22,2879.0
16783,38,21500.0
15484,57,154.0
9277,26,7609.0
16064,38,10650.0
7893,27,27599.0
816,50,2342.0
9560,38,10550.0
7195,53,20140.0
16934,41,8990.0
14851,34,4600.0
2523,2,39990.0
8551,60,1999.0
5488,34,4820.0
6796,60,819.0
7129,41,20490.0
7067,38,9842.0
305,51,8153.0
14146,5,798.0
15837,60,1399.0
301,52,566.0
13055,34,2200.0
9300,26,7990.0
15010,41,790.0
3107,38,30800.0
7077,38,39990.0
8010,57,371.0
11291,26,2490.0
9400,60,1038.0
13008,22,2299.0
14407,22,6999.0
8534,22,8480.0
8296,47,1790.0
13982,34,1712.0
4825,34,3860.0
6681,29,990.0
5310,60,711.0
11258,34,4900.0
6097,44,77170.0
14844,27,6995.0
6230,60,1999.0
8110,41,15990.0
17321,13,2390.0
14628,60,455.0
5273,27,2400.0
5614,47,2900.0
11515,22,3490.0
13781,53,16470.0
3302,44,46890.0
1491,60,3748.0
4156,29,19029.0
13068,22,2349.0
12812,38,7270.0
13573,22,2159.0
12687,11,17990.0
5096,22,1879.0
8796,50,3690.0
5101,22,4699.0
11887,47,11990.0
9646,9,2990.0
7713,41,12990.0
16690,34,4830.0
12333,34,3800.0
2416,41,50.0
9665,16,5390.0
4794,34,4930.0
1367,26,6340.0
13639,60,1299.0
16888,47,983.0
2395,34,3950.0
9793,60,2999.0
14014,22,24858.0
14564,51,11410.0
10549,34,8500.0
17276,47,4390.0
13630,34,11840.0
17389,50,930.0
14216,47,4397.0
6676,22,1954.0
8005,50,244.0
5093,47,4990.0
17100,22,2299.0
11930,22,1949.0
16361,26,1599.0
3797,50,302.0
10338,22,2449.0
2390,50,1796.0
6235,34,11100.0
17461,22,4193.0
2360,41,450.0
10823,50,10500.0
10437,22,11700.0
6832,34,5500.0
8788,4,6570.0
7433,60,799.0
14767,38,4516.0
11243,38,33150.0
15699,60,743.0
8845,38,14500.0
11270,22,3899.0
12653,60,446.0
1678,50,2559.0
4584,34,3790.0
9624,22,1359.0
6828,26,15390.0
12153,5,960.0
9936,34,1.0
12462,34,18400.0
10769,9,1990.0
6926,41,1490.0
11181,44,10990.0
3670,34,3530.0
13446,22,4449.0
363,34,4510.0
15264,44,143990.0
17345,47,3090.0
7599,22,3410.0
857,50,3060.0
13437,41,4300.0
11986,50,1350.0
17219,22,2299.0
6625,29,2171.0
2641,34,5960.0
17499,41,5000.0
7048,9,360.0
14839,34,86100.0
13999,34,5490.0
626,50,23460.0
9921,29,1200.0
14323,47,1442.0
1261,27,6999.0
1414,22,1699.0
5595,36,29990.0
1581,38,1302.0
9346,38,34050.0
8502,60,799.0
2330,34,2490.0
6427,11,7690.0
12612,9,520.0
15372,60,1359.0
4089,53,68000.0
586,41,35990.0
6349,22,2559.0
7421,47,1350.0
6809,34,3300.0
13865,22,2900.0
7148,38,5406.0
16312,22,4499.0
8649,22,4549.0
6096,34,690.0
12084,34,3950.0
16684,52,409.0
11377,13,26999.0
6278,50,9070.0
8582,16,1990.0
3131,27,21990.0
2822,52,2072.0
10210,26,35168.0
3420,22,870.0
2639,34,9000.0
6750,41,11450.0
509,38,28000.0
12451,50,350.0
9910,41,15990.0
12176,22,2609.0
8914,22,2149.0
14414,60,43990.0
14640,22,719.0
9011,41,2900.0
13534,34,6500.0
12491,50,1040.0
728,60,1399.0
16438,34,13590.0
14464,41,9490.0
17365,60,1679.0
10659,5,4790.0
13152,4,13130.0
16820,50,2367.0
12293,50,5488.0
8421,34,15000.0
13403,38,70.0
8268,4,28170.0
10277,34,3930.0
12123,60,2699.0
10481,4,39660.0
14007,22,10490.0
12998,60,1352.0
5932,11,7980.0
16441,38,31800.0
9953,5,9350.0
10646,38,5536.0
16428,22,999.0
16962,25,11990.0
16863,34,7740.0
6445,60,1324.0
5405,50,121515.0
16689,25,10990.0
10488,34,8000.0
11371,60,1399.0
555,50,4311.0
9104,60,718.0
12171,22,2949.0
2318,34,6850.0
791,50,2190.0
12004,36,87990.0
4707,22,2319.0
17177,60,1839.0
3790,50,2390.0
3494,22,1099.0
16558,34,5800.0
1532,22,1919.0
3028,38,10900.0
3016,22,15680.0
16063,22,3990.0
9568,60,1649.0
13845,22,1954.0
7453,50,6319.0
14379,47,932.0
3198,34,3590.0
5928,11,5000.0
9635,34,2690.0
7846,22,2490.0
12183,41,6550.0
817,34,4560.0
648,50,9520.0
10271,34,3810.0
16470,22,1174.5
1592,22,2490.0
1972,50,11575.0
5856,60,2999.0
16627,47,4990.0
11864,27,67990.0
8808,50,511.0
9421,9,1270.0
2565,29,2150.0
15033,38,12480.0
13637,60,1949.0
17506,38,18450.0
2987,60,1649.0
10509,38,54450.0
1388,27,5506.0
1560,25,35990.0
3931,5,449.0
9542,22,2350.0
9317,41,5990.0
13449,26,11990.0
3153,38,3690.0
6900,34,3470.0
8470,34,3690.0
14937,57,137.0
15728,34,3890.0
3830,34,1.0
2759,22,579.0
13884,22,2199.0
7456,27,7800.0
4978,22,1519.0
6849,26,16463.0
16701,22,2749.0
2001,50,5000.0
14231,41,590.0
13842,22,4490.0
16652,60,1249.0
16500,34,3940.0
4298,34,4400.0
7369,60,3759.0
8490,50,1440.0
7323,60,1699.0
2965,60,509.0
5035,38,26940.0
10671,22,4749.0
23,51,15990.0
10619,34,14800.0
2400,60,444.0
16978,34,5870.0
17189,34,17500.0
6484,60,829.0
17330,41,49990.0
4150,29,1409.0
10475,22,370.0
5365,52,736.0
11229,50,11005.0
7859,34,3940.0
2797,52,315.0
9899,38,9300.0
14683,11,6590.0
631,38,3610.0
12056,22,2719.0
16646,60,1215.0
457,60,839.0
10641,41,11690.0
12617,22,2079.0
14398,26,42990.0
4142,9,360.0
11461,16,6440.0
9268,41,37990.0
16123,26,37490.0
6517,34,1450.0
1935,25,31990.0
9837,47,1795.0
7263,22,1529.0
16753,22,4999.0
3271,50,3956.0
4214,38,28733.0
7203,41,3990.0
8134,22,4500.0
6198,41,7490.0
7924,38,3609.0
13331,52,1196.0
1731,34,13199.0
15926,9,2590.0
338,67,330000.0
16927,50,3856.0
14538,50,402.0
14957,11,65000.0
7111,47,4190.0
17419,9,780.0
3836,50,2210.0
6033,34,4650.0
6884,50,2041.0
6,11,5270.0
10504,34,30000.0
6214,60,1949.0
8974,34,2050.0
771,22,2159.0
4122,22,830.0
17119,4,46600.0
13317,22,1400.0
14581,47,1890.0
9153,47,1242.0
7273,22,25920.0
7965,22,2599.0
14002,34,5480.0
17192,34,13500.0
8031,52,401.0
9563,38,9850.0
8615,22,2199.0
10011,13,1190.0
11690,41,8790.0
3638,34,4190.0
696,46,171.0
15114,22,1099.0
14070,57,114.0
16450,34,125000.0
11024,60,1058.0
3711,34,5990.0
6228,22,3999.0
11772,44,6490.0
9126,60,475.0
6460,26,4032.0
5901,34,4290.0
6919,34,11910.0
10036,47,379.0
1775,38,18000.0
6304,57,258.0
16925,25,9990.0
2168,22,1099.0
4867,60,1699.0
10857,38,7405.0
15609,41,4500.0
6764,34,1.0
16357,34,8870.0
4335,22,1104.0
15444,60,302.0
6224,52,605.0
5794,50,5082.0
12068,22,2899.0
7287,26,3990.0
10225,4,15990.0
15740,47,24350.0
6844,60,5099.0
9711,47,5490.0
9089,34,10695.0
15174,16,5200.0
15290,51,7990.0
2838,22,1490.0
4445,60,1361.0
13617,50,3690.0
2944,22,7592.0
983,38,9408.0
13507,37,30000.0
1790,34,3860.0
14452,38,11950.0
16118,50,4761.0
17184,41,26990.0
1301,41,18990.0
12576,41,890.0
6312,34,7880.0
6580,38,11590.0
1031,60,4239.0
13795,60,1119.0
3833,22,760.0
8121,50,498.0
6315,38,4015.0
3109,22,10500.0
17268,25,14999.0
15827,11,50.0
3000,41,17700.0
2997,26,5779.0
6124,38,26870.0
15989,34,1290.0
13547,50,1040.0
317,5,51000.0
13965,38,34499.0
12032,27,3000.0
4925,50,49890.0
8288,27,1490.0
15037,26,20500.0
14653,53,2740.0
1421,22,3999.0
5644,5,840.0
5743,38,19490.0
9388,38,4655.0
17090,22,5354.0
12035,5,980.0
9367,34,4104.0
4850,50,17999.0
15193,34,3820.0
3310,50,10380.0
3624,34,1790.0
16521,38,2800.0
17309,29,950.0
6579,34,4800.0
5049,52,463.0
3365,60,535.0
7451,5,13486.0
12946,26,20521.0
3328,41,42900.0
15526,38,4750.0
5250,22,1690.0
10527,22,3299.0
3224,41,7490.0
17050,38,1990.0
8740,50,220.0
5321,44,7990.0
13951,22,550.0
4491,60,774.0
6985,34,6800.0
5483,34,14706.0
7589,26,33390.0
2255,53,10140.0
2331,27,11990.0
6836,38,20300.0
12275,34,3920.0
15139,38,23022.0
7698,22,2209.0
5826,34,4720.0
11026,22,579.0
4055,52,844.0
49,25,9990.0
4957,38,7500.0
3620,27,2803.0
1768,5,19308.0
12414,34,421.0
9348,41,3990.0
4700,41,14990.0
2865,50,540.0
5635,60,990.0
7512,22,4543.0
13684,60,1399.0
1001,50,130.0
14291,2,115500.0
106,38,9200.0
3187,22,5999.0
9425,60,934.0
5298,41,12500.0
4586,22,5699.0
2135,47,6599.0
3010,2,2590.0
699,27,12290.0
8801,34,3430.0
14503,47,1280.0
1625,50,1975.0
4020,34,4870.0
4117,22,2799.0
1483,38,924.0
10652,37,3800.0
9164,50,3743.0
13099,37,18000.0
15209,34,9810.0
8093,29,1069.5
2573,60,3900.0
3137,38,885.0
9907,60,1119.0
6810,50,2490.0
10926,26,1359.0
14137,41,17990.0
11158,47,6490.0
11784,34,22500.0
7300,38,7800.0
10697,26,2990.0
784,22,1278.0
16106,60,2599.0
14301,25,3700.0
14047,44,8190.0
11825,34,2350.0
9168,11,14300.0
6061,60,789.0
2929,50,1876.0
13828,34,3590.0
11167,22,5299.0
3252,29,5998.0
3368,27,2990.0
16306,38,4400.0
14714,60,1482.0
15657,60,1167.0
7630,38,2049.0
16634,50,24400.0
7312,34,7960.0
9920,38,35000.0
6974,9,6990.0
4228,27,64990.0
7241,50,16000.0
15593,22,12880.0
11053,60,1699.0
16560,50,1890.0
2831,38,3470.0
14802,9,360.0
12294,22,3099.0
6402,60,574.0
9328,38,10450.0
10650,34,9000.0
11093,38,5900.0
10648,60,875.0
9836,25,6590.0
17101,38,8800.0
13552,29,710.0
14551,34,5470.0
337,26,15519.0
13585,34,3900.0
12595,34,9900.0
13687,50,4376.0
7696,34,3830.0
3892,41,24990.0
16177,60,1599.0
9783,60,4479.0
12213,44,19990.0
16582,27,1250.0
15494,60,1119.0
9359,34,57770.0
16848,46,2876.0
16818,34,11500.0
12167,50,4690.0
13123,60,1104.0
15090,60,598.0
14549,27,52490.0
8873,26,6990.0
2669,41,1490.0
3058,52,2008.0
14580,27,37999.0
16261,52,416.0
5753,5,2040.0
2888,34,3960.0
3446,41,13000.0
4192,60,401.0
12502,57,633.0
4549,27,1900.0
16706,34,12000.0
8219,41,9990.0
15623,47,3890.0
5158,25,32990.0
10777,38,25900.0
6614,9,2990.0
395,38,26870.0
12109,38,60900.0
746,22,1104.0
4876,22,1750.0
3315,38,13200.0
3453,27,24990.0
15022,50,15347.0
2246,60,971.0
1660,50,50807.0
9937,38,990.0
12847,38,1500.0
5790,22,2890.0
4260,50,418.0
10687,60,599.0
15482,25,20990.0
3196,60,679.0
977,27,79990.0
16794,60,879.0
16855,50,22874.0
2744,5,2340.0
11129,25,22500.0
6783,18,1999.0
11973,50,1125.0
10212,11,10990.0
16377,22,4890.0
9750,52,2978.0
946,34,1490.0
10180,34,8000.0
16376,22,1399.0
17033,22,2399.0
3085,34,1390.0
289,5,1290.0
8194,26,27490.0
12440,52,537.0
7962,60,999.0
3543,22,24000.0
1521,50,22600.0
13387,50,35990.0
7519,25,29990.0
11071,27,86690.0
2120,29,360.0
1071,60,963.0
1041,22,2249.0
14662,52,777.0
2107,34,3960.0
3339,27,5200.0
7665,38,13490.0
13088,34,3950.0
12787,60,5749.0
4688,60,556.0
14970,38,6683.0
3496,22,2499.0
7715,22,1990.0
1950,57,695.0
8725,11,4490.0
15467,22,3200.0
4381,29,410.0
5821,22,2449.0
9846,29,790.0
7399,16,30590.0
2076,47,11272.0
8092,4,5890.0
3003,27,19990.0
15306,38,3900.0
68,38,17900.0
11877,44,9990.0
11632,11,3390.0
10714,34,4590.0
6491,38,16500.0
12071,57,899.0
2202,5,1790.0
11695,38,6550.0
6560,22,13490.0
11216,22,1299.0
7291,27,23790.0
6617,9,360.0
4478,5,9350.0
16343,47,2590.0
12229,4,100.0
593,29,430.0
7279,60,1399.0
7018,22,650.0
6062,44,3690.0
10703,26,10900.0
3679,60,690.0
12013,60,2639.0
3730,38,9100.0
3063,22,2749.0
12117,52,601.0
10305,60,337.0
8269,22,2079.0
5244,22,2199.0
12622,34,17290.0
17431,27,1000.0
11848,34,29795.0
10686,47,6456.0
17038,60,721.0
4201,41,1990.0
8953,47,1830.0
7582,9,3990.0
423,38,817.0
14965,60,3359.0
15909,27,58200.0
14952,50,2490.0
8726,41,4490.0
11361,34,3890.0
1435,37,15000.0
17322,5,4790.0
6089,5,135.0
2308,50,3290.0
13836,34,1.0
8943,9,1790.0
4747,60,947.0
2124,5,9750.0
11729,22,1700.0
13874,26,37390.0
1570,41,39990.0
12067,53,116550.0
8738,22,4749.0
5897,34,3290.0
10390,34,1690.0
13227,9,3590.0
13635,60,1649.0
7865,47,1939.0
16249,38,826.0
10123,60,699.0
8479,34,9730.0
11562,13,2099.0
15218,34,20300.0
805,60,799.0
16613,29,1290.0
12412,38,4800.0
16101,34,6290.0
15929,38,7050.0
16532,22,1399.0
5256,38,41350.0
15415,41,590.0
12879,5,1570.0
13543,22,2319.0
12918,22,12990.0
7410,41,3490.0
4026,41,14990.0
9853,22,2300.0
16621,22,1512.0
13622,41,1770.0
16457,36,19990.0
7930,34,3890.0
2364,22,14990.0
13992,22,3849.0
10581,60,2899.0
4864,9,1690.0
953,60,3119.0
10046,26,4249.0
8011,22,1599.0
17331,38,25000.0
4045,41,30.0
8003,34,1000.0
9077,22,8449.0
4873,38,807.0
9728,34,45000.0
2731,60,774.0
17513,22,5399.0
8439,41,39990.0
2827,38,9200.0
1078,50,209.0
5020,34,7750.0
7904,60,969.0
2270,50,9634.0
3900,22,3490.0
16814,38,10770.0
10311,5,1298.0
1859,22,2749.0
5964,22,4392.0
12844,34,14159.0
13560,50,815.0
6738,41,14990.0
1820,34,18420.0
7466,11,6410.0
3581,34,3980.0
32,60,690.0
14278,4,20870.0
4591,60,620.0
2632,22,10600.0
16923,38,4360.0
13680,53,113850.0
14127,13,11490.0
4676,38,2850.0
4416,22,1759.0
3849,38,23400.0
15710,22,3279.0
8313,60,999.0
609,29,3490.0
15689,22,4199.0
3649,47,1599.0
1896,34,3540.0
6913,22,2759.0
579,5,1134.0
8842,27,10999.0
3371,41,4690.0
1861,38,6432.0
10473,22,13280.0
6721,41,14990.0
12536,34,5990.0
681,22,1199.0
9463,38,1780.0
3486,41,1210.0
12045,53,9490.0
11743,38,5600.0
8407,22,2799.0
12187,53,13147.0
5024,34,5920.0
12236,22,3749.0
295,60,388.0
3054,5,1824.0
13197,50,392.0
10841,34,4290.0
8314,25,11548.0
513,22,12880.0
11820,60,574.0
5323,35,2700.0
10288,34,4960.0
3748,50,9965.0
12134,41,2990.0
1682,22,7249.0
9982,34,3450.0
15582,22,3569.0
1446,34,3420.0
3035,4,5490.0
5734,41,6990.0
16549,38,28503.0
3698,47,2090.0
8257,53,68900.0
10361,25,2100.0
9713,22,4400.0
17217,34,7950.0
9810,52,417.0
1144,34,7880.0
14672,22,15900.0
17504,38,5380.0
1310,22,5499.0
9715,29,1299.0
11469,4,25100.0
15080,29,2000.0
8007,60,2404.0
2379,38,5200.0
10597,41,5590.0
10571,50,921.0
4615,50,12900.0
8192,34,8490.0
7088,34,4290.0
1749,34,4430.0
1525,60,1284.0
16371,38,11590.0
1860,60,563.0
10100,47,3090.0
8422,34,1.0
12240,60,4159.0
7539,38,6990.0
16404,41,15990.0
4646,60,3473.0
10542,50,209.0
8952,22,5192.0
12435,60,1469.0
3289,52,546.0
4160,60,180.0
6285,38,1090.0
3855,29,2200.0
3808,11,6993.0
5281,9,1039.0
6599,9,1590.0
8512,38,3710.0
16732,34,6500.0
13261,34,4440.0
6547,16,67690.0
5578,41,18990.0
17411,50,2677.0
11912,50,200.0
5887,9,990.0
13298,22,899.0
16089,22,1050.0
4663,11,14500.0
14543,34,15699.0
3359,34,3810.0
16741,38,10150.0
12957,26,16490.0
11306,22,1463.0
623,38,9992.0
7942,13,1190.0
13009,27,14490.0
2064,27,27490.0
3120,16,15300.0
6804,34,1.0
14029,2,69990.0
11641,34,1.0
16230,13,10490.0
8686,47,15590.0
2052,29,2380.0
11314,22,2999.0
1533,41,14990.0
237,38,38628.0
10757,50,498.0
52,41,890.0
16506,38,11609.0
4627,60,1699.0
11604,34,7500.0
10883,5,600.0
14071,41,5990.0
6628,29,1690.0
2816,34,4810.0
5217,34,3470.0
829,38,9282.0
16193,5,2340.0
598,34,3930.0
10958,34,2890.0
12146,60,1399.0
5420,53,15500.0
10792,27,40600.0
8339,38,990.0
253,36,38990.0
15877,34,2890.0
10738,52,389.0
3662,41,1190.0
13038,29,2230.0
14501,60,974.0
4336,29,2239.0
6847,11,5000.0
424,25,34990.0
493,34,4950.0
8827,60,1099.0
15389,47,3590.0
12202,50,3627.0
16656,22,1199.0
8384,37,25000.0
5820,44,12470.0
13235,22,2319.0
8404,25,4990.0
2147,38,18925.0
11162,34,7860.0
16973,52,619.0
6041,60,578.0
61,22,4490.0
10814,41,14990.0
3467,22,4999.0
3557,22,1399.0
1309,34,4240.0
342,47,380.0
7737,38,798.0
9698,67,650000.0
14785,34,7670.0
13407,60,755.0
15133,38,16800.0
6782,50,14700.0
6109,52,401.0
10443,4,20409.0
14295,60,1499.0
5042,29,1200.0
15737,9,360.0
5545,22,3359.0
3573,26,15082.0
12788,50,115831.0
8847,22,2799.0
15274,38,4750.0
4733,41,790.0
4449,34,5810.0
14316,38,17600.0
3734,50,1145.0
17335,57,1220.0
8099,41,19990.0
5087,25,6990.0
1654,34,3900.0
7901,60,1605.0
4909,41,790.0
14597,22,9990.0
8631,57,62.0
10869,34,9200.0
13638,60,1999.0
16217,38,14000.0
4692,60,693.0
5139,34,7800.0
5765,38,5259.0
1631,60,1099.0
15588,60,1099.0
14218,22,6990.0
6862,50,59132.0
15373,47,10500.0
3820,34,15000.0
13041,60,938.0
1522,34,3900.0
15818,38,47220.0
3331,60,3899.0
7719,60,951.0
14195,41,14990.0
4,47,3140.0
11096,34,1190.0
13188,22,18990.0
3699,27,3490.0
250,36,34990.0
14097,60,3212.0
8074,22,1954.0
400,34,3810.0
7652,60,1199.0
12629,34,3750.0
12554,38,5600.0
4630,34,499.0
12814,22,2190.0
7686,34,12480.0
15102,34,5025.0
10528,50,4990.0
10965,27,11200.0
5594,11,25590.0
5451,22,2999.0
2595,60,1341.0
12022,26,15490.0
7913,60,938.0
6308,41,590.0
12078,38,49900.0
5903,27,13990.0
3713,38,5800.0
7265,11,19990.0
2373,38,6990.0
646,38,36900.0
622,44,41990.0
17404,34,590.0
11089,44,43640.0
14732,25,32990.0
3541,37,16000.0
9625,11,7880.0
11890,44,2500.0
3482,52,1202.0
8653,11,590.0
14980,22,6299.0
5965,44,17990.0
3630,27,3500.0
3344,38,9600.0
16175,34,8880.0
16608,41,4990.0
3232,26,19983.0
195,22,8490.0
2167,27,12290.0
251,9,780.0
7116,38,9816.0
16023,26,24200.0
7581,53,85000.0
15292,38,1400.0
14077,29,1999.0
503,2,67990.0
3498,38,17700.0
1143,22,13990.0
10417,25,2990.0
299,34,4390.0
12130,38,311.0
6641,22,1390.0
1279,60,1699.0
1084,22,5149.0
7746,34,4530.0
16227,60,861.0
2563,50,9085.0
344,38,8990.0
8442,34,13290.0
12267,34,5770.0
15800,34,3410.0
2640,25,21522.0
9732,34,3830.0
15026,27,36141.0
1793,50,205.0
8487,22,2349.0
11642,60,729.0
11277,47,18000.0
14372,16,1690.0
10547,38,2843.0
8361,60,345.0
8218,11,20490.0
14735,38,38.0
8616,22,1999.0
11169,38,13300.0
8737,9,2490.0
12975,60,615.0
3762,11,8050.0
9621,22,4200.0
10906,50,2490.0
16778,60,1399.0
13790,38,13880.0
11568,22,4749.0
13708,22,2719.0
1025,34,2200.0
5641,38,12290.0
16833,50,2190.0
4618,34,13800.0
1196,38,7230.0
3639,53,4220.0
6939,5,510.0
2215,22,3490.0
2095,38,6450.0
811,27,22990.0
13095,34,1290.0
11012,11,3700.0
937,60,1879.0
13168,34,4300.0
11894,41,10990.0
16380,34,4950.0
3526,51,9990.0
5530,5,440.0
8241,47,388.0
10207,50,6178.0
10255,53,9500.0
16073,27,3320.0
15404,41,1990.0
2251,22,420.0
3113,34,2500.0
2277,38,1008.0
3936,34,11980.0
15815,41,25990.0
12949,5,13100.0
17164,34,1790.0
6179,41,2200.0
6923,60,3119.0
6589,27,3490.0
9125,22,6999.0
15525,38,4750.0
10600,52,482.0
5260,5,2480.0
15488,50,871.0
903,34,390.0
11090,27,21990.0
16508,60,1099.0
17387,52,789.0
2011,26,4678.0
9278,57,50.0
10889,34,2500.0
14708,41,15990.0
8978,50,6590.0
16200,50,186.0
2103,60,1899.0
12512,22,4399.0
13946,41,4490.0
2275,41,5790.0
15332,25,8990.0
12783,22,1249.0
6406,34,7990.0
1428,38,16900.0
724,27,3790.0
13548,22,2190.0
15175,22,4844.0
9257,41,11900.0
327,22,1390.0
1889,22,3499.0
9347,22,5690.0
8749,51,14990.0
4855,2,64990.0
8996,60,1199.0
2998,60,1099.0
4714,9,360.0
9611,38,2400.0
4075,34,6655.0
8552,60,1399.0
4479,41,67990.0
6825,26,7391.0
8844,36,17400.0
573,47,14550.0
8904,51,4240.0
3025,34,438.0
2177,60,1599.0
12901,11,6790.0
13876,41,7990.0
16932,2,23990.0
14049,38,24310.0
12034,34,1590.0
17241,34,2010.0
410,60,1099.0
13172,16,18240.0
3696,5,3372.0
8028,60,1249.0
5107,22,3770.0
15386,9,1490.0
2812,13,4590.0
16992,22,15680.0
4981,38,27590.0
11455,22,5900.0
14940,22,2890.0
13160,22,897.0
5294,38,6050.0
1566,34,210000.0
495,11,1490.0
10617,47,17632.0
10166,53,17000.0
16884,27,24350.0
13739,38,6150.0
8505,22,5699.0
4644,25,4990.0
13625,60,1811.0
16815,22,2990.0
11834,34,7000.0
17034,27,5090.0
15302,22,20019.0
1315,25,18990.0
16539,50,2210.0
10336,34,3960.0
12741,13,19990.0
1537,29,4999.0
5339,22,2449.0
11907,47,2390.0
17233,26,45000.0
4313,50,555.0
1411,22,26990.0
1306,34,4790.0
17476,34,5500.0
11755,11,8590.0
3380,41,8990.0
5400,27,67990.0
14740,34,4520.0
4304,34,10345.0
9894,27,6290.0
7009,22,4299.0
14076,34,9390.0
9955,27,3129.0
7521,27,30700.0
2558,44,31990.0
5486,60,566.0
11703,26,320.0
3248,22,4990.0
3851,38,19990.0
11404,34,8715.0
5793,47,6090.0
17347,22,4399.0
15978,34,10900.0
6186,34,4840.0
10779,50,1820.0
15739,13,1190.0
3401,29,1490.0
14988,38,7510.0
6045,41,30.0
333,47,1784.5
9057,41,900.0
10389,50,58794.0
16151,26,15840.0
9380,34,3800.0
8777,34,3580.0
7392,34,3000.0
46,22,6495.0
15722,34,26200.0
4959,25,6490.0
11612,60,879.0
8351,27,5479.0
11860,34,150.0
13263,41,8720.0
9616,38,12600.0
8229,5,5890.0
13616,22,6900.0
10565,50,3690.0
4376,50,13290.0
8825,38,28600.0
7872,34,395.0
15869,9,1163.0
13589,52,958.0
9068,47,9829.0
13852,38,389.0
989,60,510.0
4364,38,6890.0
7091,34,1590.0
13233,34,5830.0
13608,60,2749.0
9379,22,4199.0
10281,22,1699.0
11967,4,14200.0
13398,50,11690.0
14310,22,7290.0
13500,38,19803.0
12497,29,3936.0
9543,34,5850.0
3414,22,1690.0
1285,34,1290.0
3044,34,8640.0
5702,47,23500.0
8604,52,7287.0
16629,60,455.0
1132,34,10890.0
214,52,603.0
5302,57,103.0
14896,47,297.0
9805,44,6329.0
6035,34,4510.0
7984,38,4680.0
3735,34,0.0
4006,29,649.0
7104,60,567.0
12250,60,899.0
1647,25,7999.0
16597,38,4890.0
12508,34,4690.0
12168,27,63580.0
276,9,1890.0
8921,50,6990.0
4370,60,778.0
9660,52,719.0
3949,22,2190.0
11699,38,21990.0
3804,34,7900.0
945,34,5552.0
11555,34,4860.0
12077,38,3190.0
7409,60,3549.0
9085,22,3999.0
8390,22,3690.0
14144,22,3000.0
3708,38,6600.0
11406,22,6299.0
14471,34,1190.0
11621,41,6990.0
4454,34,2000.0
9675,22,2798.0
11535,27,69990.0
9637,26,12990.0
7141,34,971.0
1140,50,35852.0
16182,34,8490.0
15730,27,17199.0
9725,34,5860.0
15761,50,7850.0
4897,26,29990.0
7860,34,6200.0
539,9,4990.0
14989,34,3090.0
4419,44,24880.0
10116,22,5999.0
5611,34,1690.0
13586,34,3870.0
3666,9,7690.0
15575,22,2199.0
8430,60,849.0
9284,4,31145.0
7256,34,1990.0
7083,53,35000.0
17465,38,600000.0
17018,37,20000.0
1029,4,4362.0
271,5,2990.0
4042,50,6195.0
17350,50,8390.0
1598,34,12070.0
9020,34,1590.0
14614,38,33300.0
16769,29,4900.0
17210,51,8340.0
11068,38,26000.0
9938,47,790.0
2044,38,1290.0
197,22,3390.0
13527,22,9299.0
9723,34,12000.0
12546,50,7390.0
1957,38,29990.0
15331,22,3490.0
3350,22,1399.0
3736,34,3590.0
16001,34,3590.0
3276,22,6299.0
7567,38,6302.0
15906,34,3990.0
15698,34,6000.0
9070,47,25500.0
10325,22,1990.0
8595,38,15100.0
13457,27,34459.0
15220,51,6718.0
75,22,8490.0
2917,47,55000.0
8849,29,2989.0
8141,25,26990.0
2750,38,13000.0
7261,34,2500.0
5275,22,22990.0
13170,22,7950.0
877,34,9700.0
5446,38,6570.0
7039,27,5506.0
4580,34,21505.0
13420,53,80000.0
14275,50,244.0
3981,22,899.0
13963,34,5890.0
11573,50,17.0
9842,38,2900.0
11603,50,4730.0
248,29,4750.0
2269,34,2735.0
15786,34,3970.0
2839,34,5990.0
5565,52,524.0
17451,34,3840.0
13253,34,6500.0
2346,52,540.0
2280,34,3900.0
17144,27,5990.0
11245,60,720.0
13666,22,8990.0
17403,60,2209.0
12995,22,2209.0
17015,47,8990.0
10946,60,1399.0
486,60,889.0
3867,18,2999.0
596,60,1616.0
1242,34,18790.0
10966,13,14990.0
16712,41,15990.0
16400,22,650.0
7212,34,8000.0
5116,38,8750.0
4709,51,5990.0
12738,34,3860.0
17236,22,5799.0
11939,22,4799.0
10419,34,4790.0
16796,2,44990.0
16998,22,1699.0
7722,34,2790.0
8112,22,1879.0
15053,22,3400.0
4418,22,7584.0
8511,37,35000.0
9825,22,1709.0
17509,41,8990.0
16302,34,4990.0
4613,50,13230.0
14710,57,80.0
9992,34,8590.0
14062,22,2699.0
16997,5,350.0
1392,25,18990.0
2110,4,13490.0
14122,26,11989.0
587,34,3510.0
8840,57,530.0
5836,50,10732.0
8724,38,5250.0
6319,22,1799.0
11289,50,1263.0
5050,22,1919.0
7936,25,3730.0
12196,44,5990.0
325,50,670.0
6331,13,2390.0
4509,60,636.0
4883,34,8920.0
10371,9,2599.0
5934,29,4542.0
1740,38,310.0
3277,37,35000.0
11073,22,12990.0
14215,26,13445.0
12711,2,27990.0
12850,60,1359.0
8034,25,27990.0
14400,37,25000.0
14194,50,110.0
2351,38,950.0
11707,26,43390.0
10746,60,582.0
6318,34,2690.0
10803,34,3900.0
14589,38,4800.0
12282,11,18715.0
1193,5,6350.0
16644,25,6990.0
9927,34,11000.0
9250,26,6859.0
642,22,3359.0
12796,34,5840.0
2559,34,3940.0
3786,38,10350.0
12849,22,1400.0
7807,22,9449.0
3281,22,4049.0
978,34,3090.0
16757,22,2319.0
1237,60,302.0
14932,38,89900.0
7975,34,15780.0
4519,27,6670.0
15899,47,742.0
5392,38,15760.0
7342,41,9000.0
202,47,7098.0
12372,60,624.0
133,60,1273.0
2013,60,2108.0
11256,67,5400000.0
1216,38,9050.0
17230,38,7770.0
11279,27,61910.0
8216,22,2499.0
1119,27,6530.0
5741,38,10990.0
10969,22,479.0
14769,2,36990.0
7710,5,6950.0
11136,38,9270.0
16427,37,27000.0
13755,5,869.0
7254,50,8950.0
1900,41,23990.0
14368,38,17550.0
5510,60,438.0
7830,52,325.0
5068,38,3600.0
8489,27,9590.0
12799,41,890.0
12863,47,813.0
9403,29,1113.0
15634,9,730.0
5482,57,899.0
10716,50,65.0
10908,60,719.0
16805,34,5890.0
1268,22,1990.0
1432,34,3550.0
14659,38,7340.0
921,50,12000.0
17008,22,6399.0
12758,5,8950.0
7354,38,1180.0
11769,50,8408.0
4384,50,6946.0
10907,34,11000.0
9706,50,8191.0
5515,26,490.0
4766,34,7470.0
15058,29,1609.0
6054,29,1499.0
2201,27,8250.0
10056,38,8220.0
12916,9,2690.0
9298,38,7540.0
14376,27,72070.0
8311,22,16250.0
6980,52,1198.0
4960,22,7390.0
13094,60,868.0
9107,5,4464.0
15773,38,18990.0
1157,34,9390.0
7557,53,13750.0
17472,34,659.0
2653,27,8250.0
6215,47,1601.0
6006,27,2609.0
15385,41,5490.0
13972,26,14500.0
10556,38,2900.0
13808,22,26990.0
2993,50,5590.0
7570,38,18450.0
13336,34,3960.0
10838,60,1039.0
4982,25,4300.0
9863,9,780.0
12839,11,3940.0
10268,29,2095.0
12750,29,5390.0
3689,60,1650.0
13943,47,308.0
4373,60,599.0
843,34,6410.0
10043,38,10709.0
10664,34,975.0
7627,9,6190.0
16635,22,8899.0
15493,22,1839.0
15226,38,6990.0
6298,60,3599.0
13159,50,14500.0
13615,9,4890.0
5946,22,1698.0
9324,34,22471.0
13810,60,1099.0
6471,38,10190.0
9754,60,1193.0
17216,38,15929.0
10794,53,5500.0
14210,47,800.0
2742,29,130.0
8168,60,858.0
15204,22,3999.0
3206,60,849.0
7969,13,1190.0
4654,27,8990.0
14093,4,19560.0
15315,57,169.0
7501,34,9865.0
1406,44,8490.0
839,22,1399.0
14058,22,2249.0
13318,38,1290.0
16907,52,1026.0
7171,52,332.0
11411,25,4590.0
13738,34,2236.0
8985,22,6490.0
1426,50,1801.0
9039,22,3399.0
8450,22,6690.0
10133,18,1597.0
9238,34,5270.0
16545,34,3390.0
4685,11,9990.0
17200,52,378.0
5180,22,1790.0
11160,34,7810.0
1782,38,2650.0
11226,60,1099.0
3461,38,10350.0
7090,41,1550.0
6735,41,18990.0
9327,22,2249.0
8657,34,1590.0
172,52,315.0
14153,38,19339.0
789,27,4999.0
3214,34,5250.0
17430,34,2795.0
9582,47,280.0
229,22,1999.0
13395,22,5949.0
10632,52,339.0
13472,38,4966.0
8406,34,35000.0
5906,47,12690.0
9572,34,2845.0
3503,13,2990.0
15966,4,31100.0
12556,34,3930.0
12694,38,3530.0
3191,5,20400.0
11436,26,14990.0
8547,22,18990.0
569,26,2461.0
1851,11,66000.0
6766,34,6510.0
6870,41,60.0
14469,50,1466.0
2317,26,20990.0
15034,38,21460.0
2837,41,49990.0
1100,53,45262.5
294,41,2290.0
11070,34,2200.0
15346,34,3590.0
12626,22,2690.0
3452,34,250.0
16548,60,4399.0
16184,34,2900.0
1786,60,2988.0
10294,38,5400.0
13508,34,3810.0
3805,44,3990.0
13257,27,21990.0
12419,34,3560.0
3946,5,711.0
7951,34,3940.0
17360,29,4790.0
9526,41,12990.0
5921,60,879.0
9101,50,6690.0
2190,25,7990.0
5027,5,7950.0
16355,34,6750.0
9243,22,13347.0
1919,34,7770.0
1311,34,11969.0
12480,5,590.0
384,27,5290.0
14499,34,5000.0
2882,4,19165.0
5385,38,7267.0
15933,60,1699.0
6340,38,2190.0
12492,34,7730.0
11981,38,10357.0
12367,38,14970.0
16162,38,5250.0
2163,2,27990.0
9245,22,8990.0
12729,50,432.5
7321,22,2650.0
11874,38,23700.0
2683,60,770.0
12031,41,2190.0
13713,50,2320.0
13280,57,299.0
8640,34,6520.0
11586,38,9050.0
16108,34,990.0
11110,37,12000.0
8280,34,4910.0
14665,2,19990.0
10852,60,2617.0
10638,34,3890.0
14964,27,59990.0
13760,34,5600.0
1755,34,3830.0
3501,34,1.0
8248,50,412.0
3499,11,9990.0
16747,44,60000.0
16976,29,1690.0
1058,50,5045.0
8230,60,1122.0
3062,22,2952.0
4499,22,2199.0
1088,34,3700.0
4101,26,49990.0
5767,5,2696.0
984,52,516.0
7074,60,2050.0
1312,34,6500.0
4696,27,6820.0
11355,41,15490.0
13787,34,16900.0
16250,4,47025.0
9424,34,78350.0
15009,38,2500.0
12409,34,4820.0
4131,50,3690.0
9233,27,2990.0
5063,51,14990.0
14572,34,8000.0
7365,57,41.0
3683,38,15600.0
9702,50,6390.0
4972,60,829.0
3047,22,2319.0
5460,41,290.0
14541,13,2990.0
9719,38,10650.0
12578,38,1980.0
11773,38,1879.0
8556,34,4290.0
4776,22,7745.0
8822,11,15110.0
13867,25,29990.0
15983,60,969.0
17080,34,3960.0
6953,38,20180.0
5267,34,2390.0
9597,47,2642.0
13092,34,4555.0
16076,38,25800.0
7752,11,890.0
5333,50,373.0
13401,26,1250.0
13209,41,6490.0
2956,38,19950.0
17492,46,834.0
6878,44,59990.0
11790,13,3399.0
4540,50,13355.0
7117,9,7290.0
6515,27,6420.0
14139,11,990.0
14926,27,13990.0
12008,41,52990.0
2225,38,48900.0
3471,38,9970.0
8046,34,7000.0
10003,50,2129.0
7454,50,3990.0
10846,60,2199.0
1849,44,26490.0
14371,27,5806.0
10397,22,24858.0
15225,22,7245.0
7303,60,934.0
16455,38,65000.0
6855,26,43390.0
10,47,639.0
11353,52,425.0
4391,11,11555.0
17083,29,789.0
10014,22,11990.0
3709,44,8990.0
1012,47,332.0
13780,44,1200.0
10640,22,3999.0
12727,25,7990.0
14314,34,1390.0
14584,22,1999.0
12992,60,4239.0
5045,34,10000.0
12348,47,15390.0
15,34,7000.0
12493,26,479.0
2770,38,4070.0
6374,60,1653.0
8613,38,6870.0
15853,60,631.0
9553,34,11800.0
14367,34,3590.0
1085,60,150.0
11923,38,3290.0
5215,34,3590.0
8088,34,56400.0
5613,34,7970.0
8576,38,790.0
10332,22,6993.0
7805,29,1129.0
4166,41,18800.0
1600,34,6870.0
15839,22,1104.0
10260,22,1879.0
15265,34,3870.0
1652,38,10670.0
697,41,1290.0
16232,50,32225.0
7609,22,5499.0
17174,34,5500.0
8447,60,1327.0
9455,34,10665.0
9657,60,315.0
12487,16,3450.0
14856,26,22990.0
16610,34,5770.0
10811,22,2399.0
14383,34,3510.0
13399,60,3899.0
16526,34,10760.0
105,26,8090.0
15884,53,3650.0
14382,34,16850.0
13120,38,21890.0
13540,22,1079.0
7736,60,2399.0
16718,38,11200.0
11770,38,4490.0
8441,53,9249.5
7734,50,5390.0
472,34,786.0
12160,34,12400.0
4429,5,2340.0
2118,52,637.0
12881,47,16900.0
1146,34,4990.0
3135,27,4870.0
9551,60,3899.0
594,22,85000.0
821,22,4200.0
13689,22,2749.0
13,53,8740.0
15900,36,69990.0
15371,41,3790.0
682,25,7990.0
16203,41,4990.0
17447,22,1549.0
915,44,10990.0
14435,41,28990.0
2174,38,11600.0
7220,41,34990.0
14451,5,1490.0
13580,38,115000.0
17019,38,16980.0
15025,22,2319.0
268,41,61990.0
2528,11,19200.0
15096,38,9250.0
10107,34,9840.0
6399,2,21990.0
191,25,2990.0
14535,50,3090.0
15758,50,950.0
11182,50,23449.0
11124,41,35990.0
9916,50,396.0
10752,50,1290.0
714,38,10700.0
16172,34,12730.0
6090,22,400.0
13391,52,922.0
6466,34,4548.0
4958,26,3059.0
17382,25,10990.0
5940,34,4390.0
5352,34,150.0
13489,22,4200.0
909,50,1390.0
16674,41,7990.0
3668,26,2290.0
17493,22,700.0
15797,34,5304.0
10283,41,36990.0
6692,38,4000.0
1347,47,1720.0
6932,38,38400.0
3001,34,3570.0
14852,60,487.0
6245,4,30300.0
1462,26,65990.0
15208,22,959.0
14508,38,3340.0
11556,22,2690.0
5956,34,3590.0
14522,11,5850.0
7280,22,480.0
15236,60,2649.0
1840,22,2999.0
4866,9,1289.0
6880,34,9790.0
17065,50,1536.0
7755,38,79000.0
6768,60,1279.0
10981,57,1449.0
8806,34,4560.0
10148,60,1699.0
10744,53,13500.0
11884,35,8561.0
6355,60,1996.0
5092,22,7149.0
11454,25,34990.0
5718,38,21195.0
1651,34,6540.0
11672,50,435.0
8560,38,25000.0
13460,60,449.0
7878,38,4700.0
14947,47,1490.0
7821,34,4500.0
4871,44,5990.0
6682,27,4990.0
12712,29,520.0
15113,60,341.0
4512,60,4420.0
8624,41,12740.0
1626,34,3600.0
4629,34,4190.0
808,29,3889.0
10184,47,2390.0
13262,22,4399.0
15916,27,4870.0
2619,34,9440.0
6444,34,4510.0
707,38,24120.0
17359,34,2000.0
16816,47,2500.0
12765,50,3770.0
15259,51,2290.0
651,38,18490.0
14107,60,1949.0
9192,38,30800.0
10393,34,4870.0
41,34,2800.0
12350,36,53900.0
11451,60,935.0
9396,38,11326.0
11835,60,2639.0
10373,38,7500.0
11739,47,712.0
5738,50,7890.0
4081,9,890.0
4394,50,432.5
7552,22,2239.0
2825,34,3500.0
6065,60,574.0
15741,38,35000.0
1805,38,11925.0
3296,38,82000.0
15541,34,1821.0
10732,44,23490.0
9456,50,99.0
16008,38,1851.0
15232,50,575.0
3640,34,1.0
11553,9,2190.0
7751,22,9200.0
7953,34,5800.0
8063,41,4990.0
11397,27,3400.0
3560,60,500.0
10328,34,2990.0
6309,2,138990.0
7306,27,28399.0
5991,34,9000.0
17221,18,1490.0
1155,44,7990.0
1473,50,1820.0
10130,34,0.0
6675,41,30490.0
548,47,1890.0
3633,11,24890.0
7542,38,1300.0
13710,34,8000.0
3594,34,4995.0
2583,38,1151.0
16854,50,3190.0
12228,18,115.0
205,38,18000.0
10063,34,4980.0
7829,50,95.0
5525,29,410.0
9969,38,5970.0
9206,34,3690.0
4203,29,899.0
16105,60,1846.0
11315,26,15000.0
15149,22,3190.0
1199,38,10990.0
9155,41,26000.0
4046,47,55000.0
4662,41,11740.0
9054,34,3990.0
4090,38,12000.0
3470,38,16400.0
11222,22,1899.0
13029,38,9340.0
17040,60,1699.0
4461,50,188.5
15222,27,24990.0
7239,67,500000.0
13742,27,100000.0
9230,37,10000.0
5868,26,56190.0
5145,51,9790.0
7277,60,479.0
210,41,24490.0
1287,57,139.0
741,22,899.0
9775,60,1942.0
7460,38,3645.0
6566,38,7550.0
14157,22,3199.0
11545,50,432.5
12115,38,21414.0
16728,34,4990.0
15680,38,19900.0
6511,11,11200.0
6382,44,14990.0
5634,2,16990.0
341,38,18990.0
14556,4,16390.0
15726,34,5850.0
16834,38,2150.0
11605,27,13950.0
2876,38,1748.0
7611,50,33800.0
17252,38,6870.0
12354,50,6290.0
16324,50,13000.0
12235,16,18990.0
17391,38,2999.0
13124,25,2900.0
13189,5,13188.0
8727,47,55000.0
15688,50,1527.0
12624,22,2312.0
5311,34,2990.0
3548,5,28.0
9094,60,862.0
15807,60,1223.0
16559,22,10990.0
15190,22,1619.0
15280,34,5520.0
1077,11,2140.0
5886,34,11684.0
15476,60,4149.0
16366,34,3850.0
5371,34,2000.0
7221,9,1669.0
8559,60,2799.0
3863,38,521.0
13827,22,2299.0
1838,51,11385.0
17222,34,500.0
4257,46,2216.0
9958,22,1799.0
5602,34,749.0
16013,26,9882.0
600,60,1052.0
9407,22,5200.0
7439,27,1290.0
3313,47,4228.0
15006,50,494.0
15196,46,834.0
8866,27,23999.0
8601,38,3600.0
15700,34,1.0
10533,26,1279.0
10408,22,2358.0
15480,34,970.0
10505,11,6130.0
4501,11,22100.0
16337,50,4690.0
10609,4,39500.0
16543,5,1997.0
9376,41,10890.0
10899,34,4820.0
17237,38,13790.0
8321,38,10620.0
2479,34,410.0
1692,22,1700.0
16535,38,23400.0
14633,22,900.0
10073,4,22780.0
11818,60,807.0
5051,47,18590.0
5533,52,902.0
10138,47,1550.0
5312,60,678.0
10982,41,490.0
8698,60,922.0
6742,5,27490.0
2510,38,7600.0
3802,38,11180.0
6166,50,1772.0
15883,22,1949.0
13081,41,990.0
6165,44,990.0
9960,4,13490.0
13528,60,3949.0
14481,5,43125.0
2420,29,1100.0
17436,34,42200.0
1857,29,4799.0
15388,34,7810.0
1583,27,2700.0
5628,60,2499.0
11033,50,38000.0
10568,50,12200.0
13139,38,159.0
10552,38,9065.0
3607,27,43200.0
14363,27,2590.0
7946,41,16990.0
16928,38,9780.0
5640,34,3930.0
1376,38,199000.0
8580,34,14790.0
6059,34,22500.0
1530,27,8430.0
2387,41,20990.0
14675,34,7490.0
152,60,1119.0
6345,26,11011.0
12713,41,690.0
6986,13,27700.0
1122,50,8524.0
4924,60,946.0
4159,47,3290.0
1949,34,5840.0
5795,22,4399.0
7178,34,29300.0
6093,38,4550.0
16103,38,4000.0
3121,25,39990.0
11265,60,1279.0
7332,26,1499.0
17311,47,3500.0
14524,34,19300.0
1265,50,260.0
15351,11,6120.0
17247,41,11990.0
16425,34,7450.0
3963,27,12250.0
12804,25,3195.0
12568,38,3300.0
4625,34,990.0
5779,34,6900.0
7607,34,75990.0
16342,22,2319.0
12871,22,3849.0
11682,27,1909.0
1921,50,2565.0
1297,47,899.0
7689,22,4890.0
12095,53,694000.0
7130,38,1750.0
4231,22,3849.0
2908,25,755.0
2596,38,8859.0
14072,22,3100.0
4675,34,4730.0
8769,34,3950.0
8304,44,10990.0
3596,60,1039.0
12120,27,6870.0
4036,22,1799.0
15039,50,7130.0
689,52,598.0
14362,38,6990.0
553,60,839.0
12902,22,1099.0
12607,22,12390.0
757,34,6760.0
11944,41,4500.0
5687,25,6890.0
5573,34,890.0
12144,26,14990.0
10224,38,6190.0
14378,50,200.0
6564,34,7955.0
6501,22,3849.0
16299,44,27490.0
6916,3,168.0
1741,9,611.0
4784,38,15770.0
308,34,16600.0
6537,22,12990.0
5071,16,18460.0
7096,22,4749.0
14779,38,9500.0
12864,47,1189.0
7205,50,1361.0
4664,34,4430.0
3775,27,6990.0
15223,9,890.0
11832,22,4849.0
10348,60,842.0
8768,57,124.0
1080,22,3099.0
806,27,2850.0
4434,60,1699.0
10657,27,5500.0
2200,41,9989.0
9950,26,22999.0
13098,51,59990.0
12308,34,6780.0
6993,34,4990.0
6658,38,38990.0
11040,60,849.0
11609,41,18990.0
8704,41,22240.0
9680,57,203.0
5059,38,12100.0
11717,47,3499.0
6843,27,8800.0
15337,4,25170.0
85,34,3980.0
437,34,5942.0
12041,25,17990.0
2786,50,8358.0
10366,34,1186.0
12103,41,490.0
11003,38,3340.0
4421,38,11020.0
10394,13,27490.0
13941,22,6799.0
1704,52,321.0
3944,26,2988.0
12017,34,3920.0
3924,34,12730.0
16556,38,4283.0
2800,60,1099.0
913,47,1741.0
13145,34,3850.0
13863,47,790.0
9441,37,289.0
11800,22,3999.0
5402,52,411.0
14345,34,1450.0
10976,29,5099.0
13111,34,1524.0
9687,34,3980.0
14394,5,1603.0
15790,47,4790.0
3701,60,368.0
13108,27,8390.0
13048,60,1204.0
15277,47,18290.0
7211,13,2589.0
13219,41,2690.0
11952,41,9990.0
10917,27,25671.0
13766,22,751.0
14882,22,2899.0
9038,22,899.0
15452,47,3300.0
3555,11,14880.0
7380,9,1999.0
12540,2,19990.0
11445,29,1310.0
15334,50,13500.0
8809,38,50000.0
1936,60,717.0
3839,57,101.0
13320,25,2700.0
17171,27,15999.0
869,22,6900.0
2517,22,1579.0
12127,11,200.0
4976,34,3830.0
13141,34,1.0
11662,41,790.0
7478,11,21320.0
7723,36,31859.0
3422,9,2390.0
7435,22,8249.0
678,60,1649.0
2045,29,1799.0
16079,27,2900.0
13768,34,2700.0
1158,34,3500.0
7847,60,1299.0
4216,41,2890.0
5549,34,5460.0
4147,25,9990.0
6220,22,3699.0
777,27,54990.0
12121,11,24000.0
10444,26,8626.0
11572,50,1780.0
16536,52,808.0
14583,60,444.0
3917,16,19999.0
8520,22,4599.0
7675,38,24000.0
10004,22,9992.0
15403,22,4377.0
13476,38,7300.0
5373,41,4200.0
12368,50,365.0
11673,22,5900.0
5648,60,977.0
7044,4,11730.0
12058,50,803.5
6728,29,1000.0
14743,34,17000.0
5415,34,5738.0
4114,38,13100.0
8025,29,2650.0
14074,22,2900.0
15717,47,297.0
3533,22,1919.0
11373,60,666.0
713,38,22400.0
14587,38,9970.0
7740,36,64990.0
14016,57,249.0
13772,22,80990.0
3308,38,99000.0
1072,60,799.0
2290,41,4790.0
8483,60,1599.0
12770,60,711.0
5945,22,2499.0
12934,11,11300.0
11310,13,19990.0
1523,34,1212.0
13302,34,9720.0
5013,26,1133.0
7441,11,12990.0
4520,22,2149.0
11546,38,199000.0
13445,29,899.0
9584,25,27990.0
11584,50,110.0
1617,22,4290.0
15120,60,1119.0
2514,60,1099.0
16041,60,681.0
4965,38,5280.0
5136,2,14004.0
16879,22,1919.0
10410,60,1799.0
10726,26,7200.0
4655,38,4770.0
9668,50,3219.0
6520,13,14490.0
12715,34,3950.0
4856,34,6290.0
4527,60,2720.0
7223,41,15990.0
4701,41,160.0
9589,5,336.0
1433,47,6451.0
12162,2,71990.0
14721,38,13750.0
2862,22,4949.0
15976,57,188.0
12054,34,5800.0
1106,47,37.0
14862,41,13990.0
14820,34,4540.0
9807,38,3450.0
9766,34,7110.0
10134,34,4580.0
5637,38,8000.0
7664,34,5480.0
951,9,1690.0
5598,34,1829.0
4531,34,3250.0
5493,60,849.0
88,38,1399.0
17130,38,12200.0
9875,27,89490.0
13505,5,4401.0
10145,34,12000.0
8200,50,514.0
5182,5,2880.0
17158,41,1390.0
6824,22,2999.0
10685,38,2440.0
6249,11,26690.0
6827,22,2799.0
12680,34,7500.0
820,60,879.0
8956,60,955.0
7837,22,3144.0
5747,34,3900.0
7640,27,30990.0
886,50,9755.0
1719,34,40000.0
3132,53,141000.0
10998,27,20990.0
13995,41,790.0
5775,41,4290.0
13365,22,2199.0
15141,34,990.0
2016,22,7500.0
11141,60,839.0
3173,29,870.0
3642,38,10800.0
2109,5,580.0
5122,22,10719.0
7388,60,3240.0
8226,38,6850.0
5147,38,87400.0
15813,25,8890.0
14446,34,13950.0
15719,37,35000.0
7268,51,7590.0
8594,27,18989.0
8367,26,11691.0
740,22,990.0
3552,34,19900.0
13165,41,10990.0
12897,38,5952.0
14815,47,1702.5
13664,2,26990.0
15327,47,1190.0
8719,22,1019.0
6562,34,5500.0
6008,38,4376.0
11730,34,4750.0
15504,41,1425.0
847,60,355.0
16808,34,1.0
12841,22,1699.0
4447,13,2990.0
16381,38,17108.0
4874,29,2990.0
2971,50,13891.0
2099,11,15950.0
1327,34,1490.0
6526,60,1199.0
2205,50,12590.0
14907,60,3079.0
5980,27,95990.0
4368,41,799.0
3576,41,39990.0
15184,38,7350.0
13614,41,14490.0
1964,34,10780.0
2079,22,3199.0
13964,22,1274.0
4191,37,35000.0
11191,50,562.5
9098,44,1290.0
15177,22,5599.0
15285,50,5091.0
14172,41,6990.0
15907,38,50.0
5175,60,698.0
5959,29,2779.0
5196,38,8200.0
5561,38,4400.0
11147,4,5030.0
16770,38,12200.0
6944,34,867.0
14985,50,830.0
12286,22,5593.0
7099,34,6510.0
6826,50,1590.0
1003,41,8340.0
7353,36,74990.0
10316,11,3000.0
16546,60,789.0
813,13,19990.0
8518,38,1030.0
16537,34,3960.0
4325,29,950.0
4810,37,4300.0
5124,38,7844.0
8208,34,2171.0
8485,53,2250.0
8352,50,7369.0
10362,38,6300.0
7027,27,18990.0
4872,60,328.0
13032,38,5400.0
462,60,1099.0
6873,38,23900.0
7179,22,9790.0
7949,34,390.0
506,27,5500.0
13491,60,1149.0
15770,22,7900.0
14288,27,29100.0
5181,4,16620.0
6494,18,258.0
4827,34,4970.0
9573,60,1359.0
5346,22,2209.0
16287,41,11990.0
4868,22,4193.0
406,4,15690.0
2454,34,9400.0
17272,38,23890.0
14063,57,144.0
225,38,2770.0
14411,41,4490.0
6154,22,4500.0
7558,60,830.0
13082,22,5039.0
16729,44,7990.0
5656,34,6500.0
4149,41,31990.0
15055,50,41100.0
13057,11,7390.0
9859,22,4990.0
8942,34,250.0
9001,27,48050.0
12261,53,347000.0
3021,25,25990.0
6821,22,1799.0
6708,47,2500.0
3589,34,0.0
8637,52,599.0
7817,22,189.0
11262,50,26104.0
14341,26,8999.0
11446,22,6900.0
16035,34,35500.0
6420,5,8950.0
3648,67,4000000.0
10041,22,9192.0
17438,50,431.5
12809,2,53990.0
9905,34,4500.0
2017,22,2499.0
9588,52,6466.0
8982,38,18490.0
8085,22,3790.0
16459,34,5000.0
13676,34,57770.0
8919,22,2249.0
9896,26,21509.0
3348,41,490.0
16986,22,1190.0
16298,38,3900.0
2424,29,6999.0
14369,60,364.0
17508,22,3329.0
9389,25,2750.0
12960,44,14990.0
1162,51,3190.0
16726,22,2319.0
10583,47,518.0
10569,34,13540.0
5475,22,998.0
15356,29,999.0
1030,38,14000.0
6679,22,8189.0
10455,60,3282.0
3625,26,14014.0
6868,22,3799.0
8553,41,10500.0
4554,47,22000.0
7835,13,14490.0
6236,51,7790.0
14453,26,11990.0
4841,26,26115.0
2312,34,3980.0
7634,26,51051.0
1266,34,19400.0
16129,60,755.0
5990,41,4790.0
15129,22,10490.0
9742,27,21021.0
1951,25,3300.0
10135,25,6900.0
2686,27,1400.0
12385,4,32790.0
5512,41,690.0
9330,57,166.0
233,34,3980.0
4448,60,539.0
6383,38,35450.0
2130,44,790.0
3733,27,6250.0
11830,5,560.0
832,27,3500.0
17443,5,2350.0
4113,60,585.0
4992,5,860.0
3587,38,711.0
11052,5,1460.0
13428,34,3290.0
9697,60,2639.0
17510,38,6250.0
4229,57,150.0
11799,38,1601.0
13175,37,25000.0
15969,50,7925.0
7047,11,79000.0
14796,22,3349.0
6820,50,2000.0
9821,38,8900.0
16716,60,819.0
8411,22,6100.0
9957,60,1198.0
643,34,2590.0
1697,22,6792.0
8059,34,5000.0
15276,26,7999.0
9658,27,3990.0
17422,60,1773.0
1296,38,20750.0
6454,38,17990.0
834,25,10490.0
14886,47,6890.0
8105,5,990.0
7970,47,1132.0
1424,22,2298.0
1542,41,13740.0
1743,41,18990.0
5411,5,28800.0
4771,60,1399.0
17296,2,61990.0
2670,27,5990.0
14558,38,12100.0
10340,34,5500.0
8886,60,1099.0
5610,47,3990.0
17368,41,3490.0
16595,34,5880.0
5029,34,1227.0
14480,67,500000.0
13895,13,890.0
12230,60,1349.0
14797,38,37800.0
17410,38,19990.0
6428,3,174.0
11993,41,160.0
8212,34,3900.0
13840,52,378.0
14746,22,1839.0
4393,34,4090.0
9872,22,2199.0
7651,60,2999.0
12937,27,53990.0
13683,60,2649.0
13819,34,10000.0
16612,22,6490.0
15457,22,4200.0
2502,47,2800.0
7690,60,910.0
4104,47,1990.0
8484,38,4650.0
14256,50,200.0
132,57,228.0
14962,38,5400.0
10564,22,1999.0
16259,60,809.0
9438,50,15354.0
11104,22,4639.0
1856,34,5060.0
2584,22,2299.0
660,26,11452.0
5038,4,22590.0
11648,22,849.0
4292,47,18490.0
638,53,3500.0
5571,26,1089.0
916,50,2590.0
8554,4,6160.0
11551,4,5290.0
2960,50,3490.0
2526,38,12679.0
10028,34,2600.0
6492,34,3490.0
12173,27,3800.0
5233,38,10300.0
12448,13,14990.0
7228,34,3910.0
5502,5,980.0
13619,26,560.0
14118,50,3980.0
9985,50,6552.0
3204,47,124.0
11831,34,3880.0
5018,34,11850.0
2030,38,12520.0
2654,22,10349.0
14147,22,6599.0
7131,46,310.0
8784,34,3900.0
16146,34,390.0
9830,22,690.0
15633,25,17990.0
11414,4,31145.0
2522,34,9000.0
17258,34,3910.0
8926,34,3203.0
640,38,49800.0
16525,22,4990.0
17039,22,12990.0
5606,13,1490.0
10957,34,406.0
6931,22,959.0
14242,60,3299.0
13252,27,29890.0
1259,57,1599.0
13352,22,8924.0
12688,34,8930.0
9112,41,38990.0
5882,44,5800.0
15780,34,1690.0
2057,34,3000.0
5235,38,14900.0
11510,38,69050.0
13335,52,305.0
4456,34,5190.0
10072,38,129500.0
16221,22,2299.0
11740,4,11362.0
7486,26,13642.0
10025,34,5000.0
13640,60,879.0
4782,38,5400.0
995,34,7999.0
8055,60,5694.0
959,52,1025.0
7614,34,590.0
5285,25,17990.0
4300,22,8899.0
12082,38,6940.0
9545,38,7350.0
2773,29,1799.0
9127,22,1090.0
13377,38,2291.0
5192,34,3600.0
934,9,2690.0
7685,22,1239.0
2375,25,22479.0
6326,52,1189.0
12951,50,20200.0
2257,13,1990.0
3338,60,690.0
2265,50,1300.0
6660,41,1650.0
3246,38,44545.0
7756,38,8300.0
7236,57,159.0
6269,22,2990.0
4641,22,4900.0
15089,22,1399.0
10722,41,74990.0
10379,34,3930.0
8173,60,1113.0
12846,38,19400.0
15540,25,16490.0
10331,4,9990.0
12432,22,2621.0
12133,37,12000.0
14493,47,886.0
3755,41,30.0
16112,38,4689.0
17450,34,7400.0
14395,22,23355.0
9295,34,5870.0
1356,22,2999.0
16914,34,4470.0
8009,27,34690.0
4674,25,16990.0
4763,60,1052.0
4359,22,3349.0
13174,38,9390.0
4732,38,51990.0
15510,60,563.0
11982,38,8640.0
4464,47,10890.0
13555,60,999.0
11051,52,640.0
3801,34,1.0
14634,50,7390.0
14810,34,1250.0
14404,50,836.0
4127,60,1359.0
5711,41,750.0
6143,34,1502.0
15857,38,19490.0
15651,50,1662.0
12757,34,7560.0
16464,60,1399.0
3128,38,26930.0
8519,34,17780.0
6295,38,6750.0
12142,34,3880.0
4695,57,67.0
336,60,1049.0
17471,41,11490.0
3030,50,70586.0
967,13,14990.0
1255,22,3399.0
14682,38,9600.0
13199,50,2552.0
12310,34,5820.0
2734,22,2490.0
11725,27,17490.0
6110,34,4900.0
12437,50,1090.0
5362,22,739.0
5627,34,11000.0
621,34,12000.0
4724,22,5490.0
10734,52,856.0
5680,34,3790.0
10602,34,3910.0
13955,22,1399.0
16555,41,12490.0
8235,34,3767.0
2156,47,5590.0
14861,60,1189.0
7774,27,13350.0
7226,60,2199.0
557,22,9990.0
13510,50,2310.0
10451,38,143.0
17290,41,8990.0
11151,5,1000.0
6379,50,432.5
7897,41,30.0
6031,41,31990.0
6797,34,4050.0
572,60,1399.0
11334,47,1690.0
17314,50,2300.0
9016,22,1999.0
12962,38,2400.0
12246,38,1990.0
8837,52,334.0
16601,38,6870.0
7310,22,1199.0
5749,60,4799.0
6189,34,4560.0
14731,38,9950.0
5349,47,1890.0
8278,38,6800.0
11871,27,4090.0
9880,34,3990.0
14560,47,975.0
14184,50,95022.0
12192,50,1390.0
9065,11,4030.0
15611,53,460275.0
13305,29,1220.0
2183,52,677.0
1966,47,3890.0
788,38,17200.0
4014,38,59000.0
6178,34,1.0
10925,22,1499.0
5566,41,790.0
17448,34,690.0
13232,22,6990.0
5605,60,1158.0
14573,29,559.0
9108,60,990.0
2185,34,10660.0
11044,16,8290.0
7440,38,12950.0
6546,41,1190.0
14436,38,3190.0
4521,34,3800.0
10313,38,46000.0
6807,46,889.0
3942,47,2901.0
10030,34,3960.0
6705,60,1061.0
1364,41,42900.0
1535,13,2990.0
14805,60,1009.0
8270,26,17999.0
8522,27,36990.0
10076,11,6200.0
16253,5,2999.0
15769,26,42990.0
5332,60,949.0
6286,60,2197.0
15286,60,976.0
332,38,10850.0
3221,38,9000.0
1610,22,4499.0
16922,22,5999.0
355,60,2499.0
5120,51,3210.0
4185,60,430.0
4009,47,2190.0
10988,22,4499.0
6698,22,3349.0
12452,22,2759.0
3179,22,1679.0
8812,38,7650.0
2631,29,3789.0
14227,22,12900.0
16977,60,585.0
3647,22,3290.0
6120,38,10490.0
31,34,12750.0
3024,60,679.0
14019,51,2990.0
16144,50,4110.0
4326,34,10000.0
9578,22,5600.0
16394,4,11390.0
5970,22,1199.0
4287,34,5830.0
11062,41,2200.0
1153,27,24999.0
2157,27,9990.0
15195,22,2899.0
9193,26,15490.0
2707,50,4690.0
15497,38,5373.0
13901,47,3300.0
15416,60,1399.0
7938,22,2079.0
12792,25,24990.0
8878,22,3845.0
11198,29,3190.0
5248,11,10890.0
12745,38,10366.0
15451,34,14000.0
9261,22,2690.0
1139,22,2399.0
2735,34,2700.0
14916,50,432.5
4980,53,16900.0
8545,22,1399.0
7503,22,3899.0
2490,25,23590.0
16053,13,790.0
1394,38,9600.0
14685,50,113.0
1893,13,2490.0
9814,57,427.0
12410,38,12290.0
4450,22,690.0
5263,38,3990.0
5913,41,18880.0
7275,22,6299.0
12172,27,2890.0
10743,25,6990.0
12893,38,20800.0
14491,18,2290.0
528,38,9420.0
16000,38,11550.0
11080,60,1919.0
8955,34,9429.0
11109,27,3500.0
11637,50,29.0
16026,25,18990.0
8402,27,65390.0
16391,41,50.0
5328,22,825.0
15171,34,3999.0
6648,60,1679.0
6350,41,1890.0
1442,27,6490.0
11036,38,19990.0
208,50,4423.0
13775,27,24440.0
1322,60,1584.0
10241,60,2620.0
6125,11,3900.0
10725,41,1039.0
5186,34,3990.0
1243,41,2290.0
7857,29,965.0
798,50,8700.0
4765,67,620000.0
8459,18,599.0
7908,11,17680.0
6863,50,12449.0
7336,34,8500.0
10653,5,9860.0
16206,38,1890.0
9933,38,18890.0
16159,5,432.0
6168,47,890.0
7391,16,8890.0
9276,60,671.0
14240,41,15990.0
4619,22,13920.0
4060,26,32990.0
13288,41,11999.0
12108,47,1899.0
2564,52,487.0
15961,60,2799.0
16875,34,8460.0
3415,47,16390.0
12545,26,4490.0
15746,38,5200.0
15923,60,4749.0
16959,26,5179.0
11081,34,3190.0
15849,11,3020.0
4875,22,1399.0
284,22,1899.0
16154,57,50.0
4054,50,279.5
2853,38,9060.0
8587,41,210.0
6777,5,255816.0
21,34,3400.0
15176,13,19849.0
8947,47,841.0
6920,2,17999.0
16383,44,17585.0
1742,27,7989.0
1371,22,3790.0
534,34,3000.0
5453,36,639990.0
8427,38,15100.0
15392,60,1248.0
11891,22,13490.0
5023,38,8100.0
6635,22,3490.0
14884,22,1499.0
6357,25,11990.0
1398,38,6900.0
8967,27,30490.0
8836,22,560.0
4928,5,915.0
13878,4,15340.0
7057,47,596.0
13017,47,5990.0
4286,47,1190.0
15378,22,990.0
16529,5,549.0
5774,51,9990.0
17128,41,61990.0
14726,50,2930.0
6879,22,8990.0
16711,34,3820.0
13362,22,6900.0
7170,50,116281.0
11636,38,1350.0
973,16,16190.0
5002,52,456.0
14360,60,1099.0
16483,57,64.0
13463,50,9900.0
11254,47,1876.0
11063,22,12990.0
13326,22,13993.0
15084,60,3599.0
2299,27,5620.0
15124,41,2990.0
8079,22,8480.0
16949,22,4319.0
8428,41,100.0
16115,34,5840.0
10330,34,5800.0
15203,60,671.0
14211,41,39990.0
11720,41,4499.0
8746,26,56000.0
5968,50,432.5
8652,38,10500.0
8145,22,4749.0
1471,41,2590.0
11567,2,54990.0
865,38,6706.0
16742,41,5150.0
7514,34,5300.0
5546,34,1.0
8169,29,1590.0
1102,22,2249.0
16265,50,26046.0
6857,41,31990.0
13899,52,544.0
315,44,119990.0
2292,38,9000.0
16362,34,8000.0
15720,34,2000.0
7169,22,2249.0
4497,50,432.5
6646,27,14359.0
12346,38,2352.0
1999,26,22999.0
917,57,189.0
11231,22,1690.0
9760,34,12850.0
8287,13,22490.0
2914,52,344.0
15920,27,21695.0
211,41,15990.0
17498,52,574.0
7005,22,11800.0
3009,13,12990.0
5899,51,2290.0
6151,22,1999.0
9265,50,32200.0
6050,22,1890.0
3157,50,1990.0
15519,50,6302.0
3909,50,1390.0
12708,34,2590.0
14126,34,5299.0
6647,22,1019.0
12064,22,2800.0
1366,34,8840.0
6000,50,380.0
5929,50,1103.0
7276,34,3520.0
7841,38,10000.0
13660,51,5990.0
6457,57,463.0
5241,22,6792.0
4079,22,3349.0
578,50,5358.0
5176,60,1039.0
1016,60,3299.0
10183,60,439.0
7431,27,6510.0
12832,29,1297.0
7314,22,2749.0
12507,11,8790.0
16632,38,18342.0
4599,11,10500.0
3019,60,1399.0
4795,22,5099.0
3612,9,3390.0
5143,41,60.0
8876,11,12290.0
2230,34,1500.0
9073,27,9990.0
12852,57,526.0
9649,34,7850.0
16414,47,1228.0
14100,36,25990.0
11710,26,1855.0
16240,38,6300.0
15932,60,2445.0
8711,11,300.0
8960,34,7790.0
1881,34,4000.0
446,38,12500.0
8607,27,12400.0
1852,38,6800.0
10936,37,12000.0
6311,34,4820.0
15500,38,13200.0
3574,26,1529.0
1760,38,14600.0
4914,22,3490.0
1060,38,6200.0
14742,22,2230.0
3550,25,9990.0
9083,22,1899.0
14475,41,1250.0
617,41,14490.0
14540,27,2200.0
16930,50,2990.0
9437,34,16148.0
8180,50,184.0
3739,29,1350.0
14939,50,110.0
6373,22,5449.0
962,46,834.0
2436,52,310.0
10140,60,1964.0
13641,9,2750.0
9221,4,39400.0
7430,34,12850.0
12336,34,789.0
13044,22,9790.0
12909,22,2249.0
3445,22,4999.0
7022,34,66340.0
16449,22,7192.0
13348,41,7990.0
12007,50,6990.0
16387,34,2850.0
4309,38,2500.0
11513,5,27490.0
13927,38,3190.0
13143,26,4499.0
15125,22,1147.0
10740,22,11678.0
13583,34,2250.0
14111,50,310.0
4635,34,4650.0
754,50,999.0
11430,50,1732.0
1948,38,6000.0
3978,16,15990.0
5848,38,80.0
17114,22,4999.0
10973,34,3190.0
12691,34,1632.0
6443,38,8150.0
11084,11,4500.0
9620,60,2099.0
7669,5,4401.0
186,27,850.0
13100,38,5970.0
16003,50,595.0
3604,4,9187.0
3150,38,39960.0
3611,41,12990.0
7396,47,297.0
3941,27,23999.0
9709,47,548.0
10704,50,498.0
14526,60,1599.0
6366,34,12540.0
15829,50,1100.0
4169,22,2124.0
8098,50,153.0
8395,34,15000.0
4861,50,581.0
11443,50,145.0
2504,34,5870.0
14565,38,11500.0
14230,34,16740.0
3513,27,1150.0
5055,22,1490.0
9369,60,999.0
5985,34,17000.0
16429,38,33662.0
1628,25,7990.0
1827,22,24858.0
2871,50,498.0
11658,38,6500.0
10809,38,29900.0
16173,50,1490.0
1014,34,9870.0
16957,41,3350.0
14887,50,836.0
8728,47,990.0
6044,34,5900.0
7054,22,1099.0
7251,34,3490.0
925,22,387.0
11576,38,4420.0
8204,50,55.0
13147,53,56000.0
12281,34,2250.0
9643,44,7990.0
11111,50,3285.0
12381,41,990.0
10303,44,69990.0
17393,60,2099.0
17339,9,390.0
8831,60,977.0
16890,34,6500.0
9209,26,3500.0
4910,34,3830.0
15432,38,26460.0
15409,38,8910.0
14809,2,19990.0
12970,22,3900.0
10884,60,1149.0
9027,60,359.0
7863,34,4690.0
11686,5,1220.0
15736,60,60.0
15014,47,1690.0
2046,60,538.0
4605,52,1188.0
9198,16,9990.0
12947,29,2409.0
11416,34,600.0
9914,60,3130.0
11989,34,1745.0
11745,34,20200.0
9046,22,1290.0
1865,38,5550.0
16492,47,1690.0
15854,22,4200.0
14752,34,1990.0
6495,34,499.0
8139,47,2990.0
16367,38,8550.0
12394,22,3290.0
16195,27,2639.0
11478,29,1439.0
5672,29,6109.0
1015,60,2470.0
11926,38,3300.0
4064,41,8600.0
11581,29,590.0
6386,50,27945.0
5078,34,2000.0
8776,34,4560.0
2306,41,5990.0
16402,34,1550.0
4111,29,15929.0
15390,22,1890.0
4813,38,19990.0
10644,38,6302.0
5639,34,3840.0
7151,60,1762.0
12457,22,959.0
711,9,520.0
1635,52,482.0
3158,27,1050.0
13744,9,2790.0
5673,60,321.0
3792,52,1271.0
10377,22,1175.0
16687,50,619.0
12106,34,1.0
6479,60,1444.0
9541,38,2436.0
15304,53,90000.0
9990,27,7700.0
10085,50,35527.0
12012,53,61000.0
1250,47,1951.0
6487,38,4700.0
16514,38,9900.0
13265,27,2200.0
2534,34,2990.0
9530,50,6890.0
9047,22,2039.0
10456,22,2208.0
9169,27,11490.0
2258,41,10990.0
3782,34,4590.0
5266,22,19990.0
13944,22,1499.0
13127,22,12490.0
16570,26,5821.0
5193,50,528.0
12919,11,7800.0
7081,25,2100.0
15755,50,2080.0
7401,67,1100000.0
13682,34,4800.0
7403,22,1879.0
4272,22,2000.0
16945,22,2999.0
8950,57,483.0
14692,27,63400.0
9970,34,9390.0
5315,34,4025.0
5504,29,2781.0
7156,51,2499.0
3788,50,3790.0
8666,34,6860.0
8709,57,41.0
14704,22,2199.0
111,38,1205.0
15420,34,3185.0
15591,60,629.0
8799,25,6990.0
3512,41,3790.0
11005,11,7490.0
6064,27,2700.0
6815,41,1670.0
7395,22,3999.0
10870,22,4559.0
2778,47,11390.0
9849,60,760.0
3425,25,7990.0
13185,60,690.0
6846,29,1200.0
10560,41,38990.0
5395,38,2319.0
3326,22,2799.0
1632,27,5470.0
15845,60,690.0
16481,25,11000.0
3087,52,383.0
2073,22,6999.0
7602,4,28800.0
7072,26,14990.0
526,26,30000.0
1887,60,1359.0
14877,38,32643.0
4569,50,339.0
17159,60,5499.0
7592,50,11499.0
8289,27,2090.0
7140,25,14990.0
5413,50,14990.0
7617,34,2555.0
8515,60,1099.0
828,60,4149.0
5808,52,847.0
7775,5,5490.0
3959,34,3500.0
7127,60,2639.0
16909,38,13490.0
2086,34,4910.0
8859,50,16400.0
10262,60,926.0
13097,35,560.0
14420,22,798.0
2659,50,1943.0
5832,9,2959.0
16677,26,3290.0
3141,38,1990.0
676,34,6000.0
5003,38,11500.0
11276,38,13200.0
9314,34,2490.0
1772,27,2290.0
5526,22,1679.0
6531,47,1026.0
730,38,121490.0
7049,38,2090.0
8991,34,3530.0
6606,57,3250.0
8669,38,7050.0
2363,57,75.0
13612,38,21460.0
16395,38,12.0
675,25,9990.0
11610,9,520.0
16615,50,780.0
10585,22,1199.0
14026,26,12490.0
13833,16,3108.0
5452,47,1090.0
5252,34,4470.0
3825,36,133990.0
15275,27,51990.0
9290,38,5200.0
6329,26,45493.0
14608,25,7990.0
5084,38,7000.0
712,27,13500.0
5616,34,2990.0
7754,50,9899.0
13036,26,57990.0
17402,29,1239.0
1246,60,2081.0
12326,2,51051.0
11974,22,5383.0
14875,38,9310.0
11915,22,1699.0
4515,22,20855.0
2955,38,5150.0
50,34,3890.0
2020,26,6840.0
11456,22,2099.0
14968,4,21450.0
3097,22,1879.0
12269,36,184990.0
2801,22,1079.0
2603,50,190.0
16131,41,46990.0
3710,50,5090.0
3764,50,16700.0
14694,60,693.0
6273,26,23271.0
9744,22,2639.0
13765,38,990.0
9581,38,5400.0
2300,22,5999.0
12668,34,1.0
17166,38,9516.0
14434,22,799.0
11325,22,599.0
13486,60,519.0
3193,60,644.0
8774,34,3800.0
517,26,6839.0
2704,13,17990.0
4670,11,9190.0
16683,34,7720.0
12642,27,18490.0
5195,22,1679.0
809,60,1919.0
3254,50,2190.0
6450,4,12590.0
15335,9,690.0
15522,60,2799.0
213,26,12500.0
6623,27,18487.0
3161,38,33980.0
17084,27,3490.0
9772,47,4073.0
14500,22,5250.0
1769,50,105.0
14427,41,26990.0
9344,22,990.0
9165,27,8540.0
13024,22,9590.0
7281,47,3090.0
5778,34,800.0
781,47,2814.0
6786,34,3840.0
11376,51,1890.0
13952,38,6426.0
17274,34,2000.0
634,27,47100.0
13519,41,890.0
15754,22,2000.0
2372,27,57990.0
5430,50,21000.0
15959,29,1790.0
16068,2,44990.0
12797,50,7500.0
3671,22,9992.0
15460,50,7267.0
8838,60,1399.0
17035,50,1290.0
7670,50,1000.0
6397,22,3649.0
12580,38,6990.0
10729,38,12000.0
15828,11,8820.0
8566,41,5990.0
4939,38,7350.0
1585,38,4000.0
16826,34,5500.0
8754,52,492.0
16579,41,2290.0
265,22,2549.0
2848,38,990.0
10910,41,390.0
16596,38,3143.0
10844,22,4759.0
3108,38,8130.0
15109,41,11990.0
6240,29,619.0
1518,34,450.0
9681,22,2759.0
16392,27,72490.0
11257,38,6990.0
15606,22,5593.0
4293,50,6162.0
2252,38,18960.0
12776,41,29990.0
8533,38,19900.0
15982,60,1039.0
4139,44,750.0
5766,34,3055.0
2699,26,7290.0
3783,41,11751.0
15159,25,32490.0
14789,34,14880.0
2776,47,2790.0
7025,22,2199.0
14130,38,1380.0
10203,22,2299.0
7174,60,1099.0
9721,22,2999.0
14775,2,1999.0
16091,34,6000.0
9857,34,4540.0
7458,22,6500.0
3437,22,1500.0
6973,38,7590.0
11910,34,1650.0
16030,60,1399.0
7648,50,230.0
11640,34,3840.0
14678,60,1189.0
12306,38,5999.0
9457,47,1606.0
6320,50,7824.0
1173,34,3800.0
7701,50,432.5
12037,41,6490.0
17022,29,1218.0
9768,34,9000.0
2605,47,850.0
7662,22,4699.0
9745,47,1571.0
17299,29,3050.0
2844,47,345.0
3779,22,2799.0
10021,25,9990.0
14792,41,21990.0
10904,38,3550.0
2737,22,1990.0
6248,27,4860.0
5993,22,3349.0
14700,9,3790.0
16510,34,2590.0
15140,50,4090.0
6508,26,150000.0
3910,13,2490.0
1853,22,2974.0
11000,38,5350.0
16147,37,2000.0
10214,26,55000.0
5237,52,1900.0
16881,38,5530.0
12355,38,12600.0
372,34,3550.0
16501,22,4799.0
589,22,1390.0
13134,44,189.0
1201,53,31900.0
787,27,80000.0
3938,50,6501.0
3515,38,3379.0
9025,26,30371.0
1373,34,79000.0
1169,47,657.0
12860,60,5894.0
8310,60,1559.0
6576,34,10880.0
438,22,3649.0
5495,27,89500.0
4679,38,10500.0
9146,25,9990.0
8234,41,1390.0
15674,27,750.0
9614,50,1719.0
939,60,1299.0
10495,34,3920.0
614,41,350.0
10122,22,3000.0
13945,34,2906.0
4488,52,778.0
12088,27,34990.0
5783,11,4000.0
11980,29,830.0
10329,5,2890.0
8491,47,9490.0
99,50,49191.0
4617,52,590.0
15024,29,5553.0
13376,41,69990.0
11972,34,1.0
12845,34,3860.0
3012,34,4590.0
8760,60,1439.0
5239,5,559.0
15128,27,26000.0
5503,27,3500.0
5153,38,11050.0
13694,60,1399.0
9829,11,30490.0
5816,34,3520.0
6875,38,9750.0
12795,41,19990.0
12762,38,2600.0
8330,26,1299.0
6957,34,4800.0
13121,60,1099.0
11059,11,38000.0
15535,60,507.0
15703,47,893.0
13776,27,27199.0
13290,38,4836.0
3532,60,529.0
329,38,8500.0
1995,27,7900.0
5428,9,990.0
7597,52,617.0
5292,11,155000.0
3817,41,290.0
7745,22,950.0
8555,60,1249.0
1183,60,764.0
7778,34,4490.0
7058,38,4500.0
2593,22,18499.0
9813,60,4820.0
650,60,696.0
1826,22,4990.0
7879,60,6999.0
11340,22,7100.0
14015,22,9899.0
16901,27,26490.0
9007,26,29990.0
1700,22,8743.0
17439,57,1129.0
9854,22,7420.0
1607,27,6350.0
7632,34,11500.0
13051,27,1799.0
16708,47,3641.0
13104,52,497.0
4340,22,1899.0
13487,2,53954.0
489,34,58649.0
4271,38,97440.0
3034,60,890.0
13654,38,6250.0
8012,34,3820.0
1817,34,3480.0
5456,22,4399.0
10854,22,6792.0
14741,34,3490.0
1819,34,3410.0
8220,22,1949.0
544,50,12130.0
15617,22,14900.0
10937,34,3560.0
1943,38,3950.0
13875,29,382.0
10723,60,1055.0
6719,47,1689.0
6911,34,7790.0
10668,50,10052.0
2982,34,1800.0
13642,41,2390.0
10317,27,58990.0
6351,38,11370.0
1097,57,289.0
11054,22,999.0
7162,53,18.0
9428,34,3190.0
14948,41,690.0
9841,38,3679.0
11424,38,119000.0
1359,27,72000.0
10299,60,699.0
4772,38,1290.0
8681,34,6590.0
10171,34,18900.0
7979,38,5850.0
15004,22,2000.0
7252,34,9560.0
3091,22,31990.0
5976,60,613.0
15841,60,799.0
15217,34,11840.0
16958,47,1460.0
8702,38,14450.0
6740,27,98030.0
2824,34,5000.0
16156,41,200.0
14099,34,2000.0
16042,57,287.0
17474,44,2990.0
533,34,5690.0
17250,22,15680.0
6094,5,3932.0
5531,34,16800.0
6306,22,2249.0
9236,38,784.0
12334,60,1099.0
15074,60,919.0
16564,22,1499.0
9363,11,12960.0
11235,60,629.0
12101,22,1949.0
8070,34,7780.0
11225,38,8970.0
10513,53,999.0
3284,53,24500.0
5335,57,499.0
14287,50,10290.0
434,34,1190.0
12854,34,2190.0
14248,11,1490.0
6763,38,10650.0
11385,34,10460.0
3045,27,4790.0
8525,34,3290.0
2610,57,1600.0
2925,2,24990.0
9361,34,4430.0
4480,27,10800.0
14819,38,22700.0
10497,34,4690.0
15094,22,4500.0
8366,29,6867.0
5218,38,6050.0
13321,22,3500.0
4396,41,2190.0
6805,34,4410.0
2846,38,6500.0
9925,50,5790.0
11512,26,1299.0
11261,27,4500.0
9014,4,7590.0
15613,50,4790.0
15992,29,1679.0
6527,52,385.0
13249,26,79990.0
4710,22,2199.0
1262,41,5990.0
11423,34,100.0
5877,34,1190.0
12641,38,28900.0
17007,57,452.0
2226,22,4200.0
368,22,1399.0
9639,22,10392.0
3717,22,2949.0
13304,41,13840.0
12398,26,9491.0
5077,27,2200.0
16202,38,13650.0
4496,22,2123.0
17449,26,9900.0
1233,50,1830.0
9074,57,101.0
181,38,8610.0
3133,60,743.0
2652,47,930.0
4143,22,2319.0
3390,38,9300.0
8586,34,1950.0
8668,60,3119.0
13003,50,4550.0
6104,5,1692.0
15336,60,1089.0
17496,16,11603.0
7019,26,8890.0
16967,38,3050.0
851,22,5190.0
4360,34,8180.0
16288,34,5000.0
15528,47,690.0
15531,38,10500.0
7508,34,5820.0
16012,60,693.0
9377,22,2599.0
966,34,4690.0
7758,38,6990.0
5162,2,53990.0
8882,44,9490.0
15007,9,5490.0
13628,34,8270.0
7035,22,2298.0
16817,50,29949.0
15361,50,6850.0
3211,44,17990.0
11919,34,1890.0
6707,34,3590.0
5984,60,928.0
3539,44,13990.0
91,25,14990.0
13181,22,999.0
5705,34,5980.0
8147,51,12590.0
3357,22,7249.0
6869,38,10320.0
8199,34,5751.0
16065,34,5920.0
7010,34,6590.0
2418,38,6379.0
15738,27,12490.0
5343,38,13789.0
15553,22,2124.0
8416,41,2990.0
16081,34,1.0
2841,53,4150.0
2887,26,5289.0
6678,57,108.0
12307,38,6000.0
364,16,5299.0
3208,13,1490.0
7823,2,35675.0
8900,34,3920.0
87,41,16490.0
12069,38,1431.0
12344,47,2790.0
17466,25,2390.0
1795,22,9499.0
17462,38,1890.0
10069,38,350.0
10266,38,11100.0
17386,34,4870.0
12700,38,7509.0
7680,25,45690.0
5874,27,80500.0
5320,27,10390.0
9602,60,839.0
11841,27,2500.0
3088,25,20142.0
12520,34,4850.0
8611,38,1090.0
1232,44,490.0
10836,50,660.0
16880,50,6125.0
17196,38,21460.0
9402,38,6900.0
8731,47,5120.0
6115,60,2149.0
1734,60,2099.0
6152,16,999.0
17151,38,19990.0
11484,47,308.0
16054,34,5990.0
7735,60,487.0
12739,22,2499.0
4504,34,40000.0
10163,46,3690.0
7379,47,2990.0
9613,29,6677.0
17209,34,2900.0
9401,22,2199.0
4579,9,2490.0
3136,38,4600.0
3212,60,4199.0
5528,38,1550.0
3673,34,1.0
744,38,21760.0
15032,22,5699.0
15562,22,1499.0
15098,13,32990.0
4890,44,19820.0
141,13,13999.0
14606,22,2312.0
12886,34,0.5
961,34,1.0
8488,27,8990.0
13150,34,7800.0
12669,41,1190.0
9452,34,4490.0
11507,47,3090.0
12759,34,3440.0
2348,41,16990.0
4017,22,12990.0
15658,22,16490.0
11708,22,3790.0
15564,22,3490.0
5898,38,1810.0
3828,27,5490.0
6594,4,7567.0
4498,26,13990.0
11776,34,5000.0
3809,60,1198.0
9523,38,9500.0
460,22,2299.0
11951,25,15990.0
4239,38,39900.0
4118,18,490.0
9103,25,12742.0
11227,60,372.0
13823,34,3590.0
7473,34,3820.0
17037,9,690.0
10880,38,11389.0
8478,34,11000.0
15571,34,6270.0
13834,60,1399.0
1165,60,1799.0
12438,38,16200.0
12592,38,2190.0
16680,34,1500.0
2093,38,9290.0
11275,60,3059.0
12728,27,89990.0
3345,38,12679.0
3964,38,1440.0
10584,22,1759.0
15245,50,2625.0
9264,47,24000.0
7682,22,1299.0
7381,60,2417.0
2140,29,6250.0
10463,60,809.0
4247,52,531.0
9439,34,2500.0
4934,38,13900.0
14110,26,24000.0
14552,57,226.0
8455,38,9490.0
17279,34,5000.0
16211,34,4490.0
8222,41,1099.0
1349,34,3910.0
15180,34,8770.0
15794,60,1799.0
5684,4,11290.0
7030,53,2400.0
15647,34,7950.0
13695,34,2050.0
13688,34,2990.0
257,34,13900.0
9487,26,40420.0
8331,60,755.0
11368,34,4510.0
9385,47,345.0
13229,38,57200.0
15042,41,29990.0
1244,34,2000.0
10805,41,1490.0
2305,67,1990000.0
13260,22,9980.0
2829,22,2500.0
7079,47,917.0
8828,26,19990.0
8015,34,9740.0
17138,41,24339.0
664,60,339.0
4715,38,4100.0
2572,51,16990.0
7618,50,6790.0
9029,34,4590.0
7658,34,1.0
16300,34,3000.0
8371,36,28990.0
11774,41,6490.0
11031,13,1459.0
5668,27,15659.0
448,60,1964.0
1710,60,599.0
4550,4,60750.0
12740,34,4000.0
14364,2,26990.0
2642,41,14990.0
12811,60,829.0
2933,60,947.0
6795,27,69950.0
387,11,6650.0
9270,27,1050.0
16051,29,5490.0
16828,22,3039.0
2181,50,19002.0
2153,41,12990.0
6174,57,299.0
8272,26,2590.0
7208,22,2500.0
14880,27,30490.0
2500,4,35490.0
6536,60,1119.0
6751,34,2590.0
15173,60,1099.0
10197,27,17990.0
11728,22,1839.0
10523,38,17400.0
12382,47,625.0
5123,44,14990.0
10201,38,9290.0
11240,38,3150.0
5347,47,29090.0
7793,41,6500.0
15466,41,60.0
6888,22,7920.0
11448,22,2899.0
84,38,3300.0
15163,50,803.5
5647,50,3770.0
504,50,11600.0
12899,27,3690.0
13934,37,35000.0
11692,5,1070.0
15130,4,20790.0
16485,27,55990.0
16399,37,6525.0
8913,13,12990.0
17392,60,309.0
12397,60,3120.0
11839,25,28028.0
608,38,6950.0
12519,34,3800.0
10378,38,7910.0
7626,2,34990.0
15423,22,4998.0
2580,47,307.0
6363,34,125.0
4762,27,19990.0
6417,22,2699.0
12483,60,839.0
8627,34,3850.0
9106,38,3227.0
16588,60,3374.0
1847,27,4790.0
10853,38,4970.0
14339,29,6249.0
12833,27,5450.0
13346,50,489.0
11650,38,9310.0
12048,41,17990.0
8374,34,3930.0
13741,50,1300.0
14691,47,297.0
12044,34,3950.0
7874,60,599.0
17027,60,359.0
12392,50,5891.0
8209,22,5449.0
8706,27,17990.0
2592,13,3990.0
6769,41,11688.0
13405,34,4990.0
3168,11,22100.0
1913,60,1170.0
5691,25,5990.0
6051,38,28400.0
4420,22,3990.0
5386,41,30.0
12895,34,590.0
33,22,2699.0
17079,60,2889.0
12092,38,17860.0
6716,60,719.0
64,60,1964.0
551,60,1575.0
16869,34,5800.0
9296,34,5990.0
12062,29,4230.0
6865,47,3301.0
15326,4,40400.0
15544,67,1140000.0
16058,57,53.0
6011,60,1273.0
6401,38,1850.0
14800,25,8550.0
3528,38,4750.0
1245,50,9791.0
4409,22,5024.0
15514,50,7337.0
6364,38,2900.0
16071,34,3410.0
8905,60,839.0
14182,41,5440.0
11712,34,4000.0
16458,34,4190.0
9731,34,1490.0
7992,2,14990.0
5951,11,2420.0
6259,22,1199.0
16662,60,2749.0
6627,5,9350.0
5665,22,6990.0
11868,34,3810.0
12903,52,427.0
14973,11,60580.0
17483,34,4860.0
12906,34,6500.0
1706,29,2700.0
212,27,19990.0
15724,50,620.0
2847,44,66990.0
11311,60,1679.0
4224,38,5350.0
5189,47,3690.0
1211,38,6959.0
14533,38,5000.0
6552,29,3414.0
1499,38,2850.0
12029,5,8739.0
8910,22,16090.0
3818,60,1249.0
8973,25,8990.0
900,34,3970.0
12805,27,4200.0
1680,35,923.0
8503,60,1099.0
3527,22,1199.0
1377,60,1249.0
13896,41,49990.0
1423,47,3790.0
15784,22,3399.0
5108,53,116688.0
3172,34,14479.0
16773,41,29990.0
16974,41,7900.0
14148,34,3920.0
12125,34,3090.0
13067,22,7500.0
11499,27,3388.0
16098,38,11950.0
17473,46,2769.0
16226,22,1690.0
4880,22,714.0
2817,60,1189.0
17024,22,4799.0
15051,34,7990.0
14845,34,4990.0
6314,22,5450.0
13968,22,2299.0
12446,2,18990.0
1634,22,2199.0
8246,50,8378.0
16981,38,19490.0
14020,27,22990.0
107,13,15990.0
4091,50,3715.0
7955,22,20880.0
5895,27,2490.0
13177,60,4799.0
16067,60,679.0
7926,34,1.0
17093,34,5810.0
8816,60,488.0
5726,27,13995.0
8333,11,5000.0
17488,5,740.0
12589,26,5590.0
5308,26,85000.0
15965,34,4880.0
5636,22,5032.0
11092,60,2464.0
1117,38,1750.0
1825,11,28490.0
4650,50,69300.0
12311,5,180.0
6612,37,490.0
918,4,20494.5
7996,60,627.0
12025,38,31330.0
10106,44,4490.0
2716,38,3031.0
5464,50,50037.0
1657,50,8115.0
11997,29,1890.0
666,22,16490.0
13270,52,334.0
2873,50,2510.0
7233,38,6350.0
15578,38,5952.0
9570,38,3490.0
9784,34,1090.0
13517,57,247.0
10335,34,490.0
8548,50,12510.0
4107,41,29990.0
7588,50,4160.0
2050,29,3342.0
10847,60,1599.0
14557,22,1499.0
16181,18,2298.0
9640,50,9890.0
9485,47,2090.0
11936,60,4159.0
13464,50,1490.0
3883,38,20580.0
5080,38,2843.0
10188,22,2349.0
10817,50,2788.0
16993,26,15405.0
1553,34,2199.0
3868,38,2600.0
7258,38,10510.0
6963,22,1399.0
15100,25,1690.0
2486,26,31490.0
15041,22,8490.0
6496,22,2294.0
2097,38,17200.0
1586,22,3899.0
14013,38,7400.0
8201,34,9860.0
2515,41,5350.0
6516,47,3099.0
3057,50,198.0
7925,38,15500.0
16415,22,1650.0
1928,53,19870.0
5224,50,4200.0
7733,29,1350.0
4043,60,1649.0
1299,22,4690.0
9647,41,2290.0
760,38,12760.0
14123,22,5600.0
10912,44,10010.0
11955,34,5000.0
1185,26,45900.0
5818,2,44990.0
8819,34,2490.0
8509,34,4810.0
2366,57,304.0
4906,29,790.0
4345,29,330.0
11061,60,499.0
12891,51,6378.0
11326,11,11340.0
12954,38,4650.0
9520,34,1250.0
15091,50,387.0
16082,22,1949.0
4839,38,15100.0
2041,50,21347.0
4952,50,140.0
10991,38,26860.0
8574,41,200.0
11812,34,5840.0
1372,29,3810.0
15287,38,16990.0
17259,38,72000.0
1417,34,1220.0
15694,38,3800.0
2541,34,9500.0
4476,4,17662.0
10881,60,549.0
7917,47,7200.0
14888,60,468.0
7463,22,3490.0
1492,34,3544.0
6476,34,6980.0
5297,22,3679.0
3036,38,4114.0
15905,38,9990.0
8855,38,12000.0
11998,38,30000.0
8131,27,51990.0
15602,16,4642.0
11339,50,580.0
12584,34,2800.0
5069,25,1300.0
1504,34,1000.0
3006,27,4590.0
16180,60,799.0
6023,41,8000.0
16898,26,2490.0
3972,52,399.0
5477,22,21592.0
14712,38,1199.0
11537,34,5000.0
6659,41,690.0
13354,34,0.0
2552,27,3890.0
8736,37,25000.0
16772,34,15400.0
9352,34,390.0
413,41,490.0
14647,5,16498.0
16283,52,600.0
3388,50,1125.0
607,16,5829.0
14432,13,1190.0
11853,22,8784.0
10052,29,5260.0
2154,34,3870.0
3342,57,36.0
11859,34,17000.0
14648,34,20530.0
9949,52,361.0
14817,47,9809.0
6637,50,1127.0
12342,34,1590.0
654,37,35000.0
1400,22,7899.0
16517,29,1999.0
13919,50,7810.0
1561,60,3119.0
14507,27,2350.0
1470,60,1702.0
11501,34,3840.0
7469,41,14990.0
10230,60,963.0
14835,25,27990.0
4532,25,3300.0
433,38,4290.0
11173,44,29990.0
10525,38,8832.0
14799,50,2129.0
12317,41,14990.0
17375,22,4400.0
2701,50,5555.0
12297,50,5301.0
2924,60,559.0
14431,36,78990.0
12289,34,6710.0
10314,5,18000.0
4182,38,12650.0
2288,11,11490.0
14684,60,1439.0
8918,27,30490.0
6421,34,3840.0
4493,50,15390.0
7615,38,8000.0
13575,34,12790.0
7097,41,5851.0
9583,5,299.0
14626,26,18018.0
15760,34,5970.0
188,27,5790.0
6369,34,25250.0
5372,34,14280.0
1445,60,671.0
12096,41,15989.0
17069,34,8480.0
10306,34,5940.0
11114,13,34690.0
5675,34,59000.0
11816,5,1704.0
3049,38,210.0
10409,34,102663.0
16201,38,3800.0
2912,41,2990.0
1588,34,5870.0
975,34,2790.0
12813,38,29990.0
9115,34,4990.0
15864,38,9600.0
2626,50,1990.0
5773,38,12000.0
3760,50,325.0
13211,5,1250.0
3431,41,690.0
14766,38,2271.0
1210,38,26990.0
246,38,14700.0
7956,22,2499.0
5331,2,27990.0
12461,22,2069.0
8663,38,10670.0
4953,41,2290.0
2560,38,3800.0
10749,27,39120.0
11153,27,3000.0
4076,34,3830.0
3190,26,15079.0
13668,38,3810.0
5750,50,3402.0
4463,27,39300.0
320,27,54490.0
10479,38,7520.0
86,11,126000.0
13613,38,17990.0
14664,4,8790.0
17160,34,16900.0
10480,50,432.5
4012,4,12220.0
2067,26,31190.0
2851,29,2299.0
9550,13,5990.0
11116,38,37800.0
16877,34,4930.0
14171,29,570.0
13569,22,1750.0
5458,16,19900.0
5655,46,216.0
3305,2,22990.0
1596,50,6000.0
3043,38,11800.0
4371,34,4470.0
16754,47,3390.0
35,34,12780.0
11060,34,6850.0
2842,60,671.0
13686,22,1949.0
10364,38,27990.0
10589,34,4710.0
10226,57,623.0
10554,13,1190.0
7290,29,7034.0
5955,38,13300.0
11987,29,4890.0
15235,50,1590.0
17042,38,859.0
13281,38,8990.0
4328,22,3998.0
10672,26,23590.0
7613,60,2639.0
8096,60,1649.0
11399,27,5450.0
6899,25,17500.0
7637,38,9920.0
11963,4,19900.0
8317,38,1399.0
12650,57,124.0
11139,60,483.0
4080,38,3423.0
5316,46,4450.0
3417,4,13790.0
7828,26,49140.0
15214,22,375.0
6395,47,450.0
12000,38,6500.0
12548,11,4300.0
4029,34,6990.0
2256,60,568.0
810,47,120.0
15848,60,4799.0
3333,16,19990.0
7543,41,1090.0
14091,22,3490.0
6908,50,1360.0
9877,34,1.0
8864,57,363.0
2053,27,69990.0
3989,5,1890.0
7873,34,4800.0
6590,34,3800.0
8322,60,2999.0
5815,22,1149.0
16657,50,952.0
4835,44,7490.0
17363,34,5490.0
9109,27,800.0
1484,34,780.0
1559,60,849.0
3039,34,20163.0
15170,5,490.0
7446,47,210.0
720,67,1100000.0
12422,22,23400.0
12525,41,14490.0
1653,34,2500.0
6532,38,14800.0
2833,27,13500.0
2794,34,7780.0
12716,34,3940.0
11471,22,3845.0
10557,50,6690.0
8516,60,600.0
13961,34,125.0
3336,37,3000.0
14695,57,807.0
455,34,6700.0
875,50,3790.0
347,27,2690.0
1536,22,719.0
13587,38,7600.0
7966,38,7920.0
11828,25,15999.0
2976,41,690.0
4350,27,3000.0
3634,5,570.0
17288,22,829.0
6975,50,7390.0
10012,41,49990.0
306,44,13990.0
9336,50,8790.0
1929,38,11990.0
15826,22,2799.0
8785,47,700.0
10848,38,34400.0
11301,22,2690.0
1804,34,16000.0
1989,44,25999.0
15714,52,317.0
1640,34,6950.0
14133,38,6750.0
4632,60,1469.0
16838,11,6890.0
481,38,2110.0
11819,34,2000.0
5690,38,6150.0
926,11,9190.0
17377,47,1522.0
17441,34,5000.0
7363,34,3810.0
4141,60,671.0
15412,22,2359.0
13848,22,4200.0
9666,47,1362.0
9280,53,26000.0
7749,38,10900.0
1659,60,483.0
2634,27,1800.0
3694,34,6000.0
13798,38,11650.0
6459,38,32250.0
2197,53,25000.0
4129,38,21460.0
16669,41,15990.0
1837,22,6290.0
7194,52,454.0
10510,5,3909.0
9577,53,10600.0
2637,60,2295.0
6806,25,13990.0
11768,60,1198.0
4826,36,24990.0
4296,60,2649.0
6555,4,16750.0
5958,52,3370.0
12986,47,250.0
13994,47,11190.0
2038,60,578.0
8544,34,3930.0
1214,22,7320.0
136,34,41300.0
7883,22,2249.0
4346,50,694.0
7916,34,70000.0
9928,34,3810.0
11239,25,29990.0
7791,41,5490.0
13600,38,13990.0
7202,22,3798.0
10791,34,6820.0
17113,4,8737.0
15533,51,2990.0
11267,47,150.0
10913,27,11990.0
7780,38,3130.0
5258,60,429.0
1968,22,3299.0
726,60,789.0
9730,9,1039.0
2672,47,1890.0
7535,22,2319.0
2381,38,5900.0
5858,41,56990.0
6539,34,1190.0
5603,11,6500.0
16231,47,4160.0
14104,34,5870.0
1415,60,1399.0
3750,36,159990.0
5581,22,4699.0
8089,34,4830.0
16856,34,3910.0
7180,60,1094.0
15941,50,7900.0
5633,29,2550.0
6801,57,78.0
14003,34,1136.0
9226,50,5637.0
10435,26,26999.0
4193,22,2800.0
6558,29,850.0
3933,52,1412.0
17122,41,41990.0
9940,34,15890.0
1673,47,11290.0
9325,38,12000.0
7522,44,3490.0
14690,34,2770.0
14386,41,590.0
2795,50,3024.0
8987,60,1119.0
15639,60,1099.0
2725,38,50990.0
12264,22,1949.0
13727,60,693.0
3873,4,32550.0
11627,57,60.0
2728,38,54400.0
16789,22,4598.0
11345,41,390.0
7214,47,2890.0
15796,13,1690.0
7939,22,1199.0
11242,34,8290.0
7333,38,2260.0
13809,50,3743.0
2112,25,6500.0
16096,37,3300.0
7452,34,33000.0
5036,38,9300.0
2263,60,1349.0
16210,41,6420.0
12060,27,93199.0
7282,34,3900.0
8095,41,26990.0
6485,57,540.0
11149,50,681.0
1556,47,23200.0
7743,60,934.0
14012,27,2500.0
12159,34,3800.0
10432,22,5499.0
2081,60,1099.0
16866,50,432.5
14304,11,5700.0
4010,57,182.0
8636,22,5600.0
382,34,10500.0
13910,29,999.0
5172,60,4199.0
13753,22,2699.0
7681,34,4960.0
6935,11,14210.0
77,47,802.0
12136,13,9990.0
585,34,4990.0
6147,60,4799.0
12786,60,1299.0
17445,46,216.0
1608,38,5900.0
9576,60,593.0
475,26,64064.0
1511,41,14990.0
9717,22,3899.0
2465,9,1639.0
1582,29,200.0
8564,60,2399.0
751,38,1988.0
14925,11,12490.0
13296,26,9589.0
7389,52,449.0
220,47,1218.0
7871,22,798.0
6987,27,8990.0
3183,29,6108.0
10730,38,1669.0
464,2,29730.0
14778,22,17990.0
4302,41,56990.0
12363,25,32990.0
13442,38,7709.0
14738,60,1078.0
10020,34,10490.0
3697,41,690.0
2033,34,2990.0
16764,38,19990.0
9229,16,13242.0
4802,4,13800.0
5496,16,9890.0
9852,34,3800.0
15359,22,2559.0
12877,34,1.0
7909,41,1890.0
2282,34,3930.0
3723,38,7052.0
11938,60,2243.0
10930,38,6230.0
11516,27,5190.0
1501,50,587.0
3053,38,3650.0
4727,47,4890.0
10639,50,3149.0
2337,38,9345.0
8870,34,6000.0
17303,34,4540.0
5977,34,4860.0
4803,47,2000.0
6901,34,3440.0
14347,57,1399.0
17025,60,889.0
9204,11,6060.0
11806,22,1249.0
3151,60,2373.0
884,47,2500.0
11473,41,5888.0
835,34,12850.0
16216,34,4390.0
12717,34,4690.0
10764,44,15500.0
2761,34,8750.0
11901,27,62000.0
4852,34,3960.0
6981,44,135490.0
13661,38,12000.0
11187,29,9000.0
16266,11,25890.0
14611,38,10950.0
3676,26,26990.0
11941,22,5149.0
8036,34,7430.0
952,22,1399.0
6212,38,25686.0
8359,41,9490.0
2989,60,678.0
16433,60,845.0
482,9,6390.0
4682,27,7700.0
11417,38,20100.0
3181,41,24990.0
17081,26,18940.0
10780,11,15250.0
11964,38,2890.0
11426,34,5850.0
5336,27,8899.0
7900,27,2750.0
10297,11,39900.0
8143,26,69990.0
15000,34,9780.0
5238,11,24000.0
13872,22,5299.0
13114,34,497.0
9996,41,14000.0
7580,9,2190.0
16252,41,6700.0
6447,60,536.0
15166,34,3470.0
1695,60,769.0
15878,2,1200.0
15333,26,4601.0
1723,25,6990.0
12364,38,4820.0
11895,22,9093.0
13062,60,839.0
97,22,3899.0
10414,11,9230.0
6950,34,4000.0
12534,34,20500.0
15450,57,324.0
15473,50,1790.0
11959,60,603.0
9833,60,3899.0
4148,60,538.0
10193,50,7445.0
9486,41,2200.0
8284,38,7260.0
7428,22,20855.0
17227,57,679.0
16990,41,6100.0
12404,38,2500.0
9736,22,19992.0
2913,22,2190.0
13133,13,1190.0
16032,60,2399.0
12147,50,829.0
10742,26,500.0
10840,38,2660.0
1611,38,25900.0
10206,53,15500.0
6381,38,2660.0
6015,22,3490.0
6969,22,26693.0
6663,38,58000.0
11827,60,488.0
15144,34,5990.0
16119,60,879.0
3066,29,1250.0
11205,29,1089.0
10365,16,23447.0
13841,5,6490.0
13495,50,5025.0
16800,38,4450.0
15701,26,10511.0
15463,34,7000.0
11164,22,2990.0
2,60,669.0
9030,26,11702.0
693,50,361.0
128,27,19389.0
5282,22,3650.0
7855,34,3890.0
13870,4,25730.0
841,29,1109.0
3995,26,6290.0
13726,22,7592.0
12313,38,1694.0
14449,41,100.0
9210,50,1490.0
6711,25,6990.0
16554,50,1040.0
16166,34,4190.0
13769,60,839.0
6239,41,4200.0
11775,41,29990.0
12184,34,2990.0
13267,27,49990.0
9140,50,5900.0
4786,5,1040.0
13315,34,35000.0
10534,60,4999.0
3898,38,30100.0
13849,34,2225.0
6904,60,4699.0
12884,26,14990.0
16824,60,3565.0
14667,51,3210.0
7317,60,879.0
15244,11,3900.0
8527,22,3990.0
4208,38,7550.0
4836,22,2899.0
5513,36,33990.0
7200,22,479.0
1872,38,999.0
15803,26,34990.0
2382,38,19800.0
3041,38,7500.0
8877,34,4460.0
2821,34,35200.0
9433,38,3810.0
11706,22,959.0
6018,38,12400.0
1807,34,12350.0
5707,34,3790.0
15459,11,325000.0
7532,50,612963.0
4196,38,12379.0
10057,41,6490.0
7520,34,2890.0
3378,34,1500.0
2411,41,4990.0
3139,38,15000.0
13443,34,15929.0
11898,60,1235.0
6686,47,1702.5
12391,22,21490.0
16317,34,3940.0
8071,38,2789.0
11009,16,920.0
4877,60,671.0
9792,27,16690.0
13971,38,480.0
16233,25,14991.0
8494,16,4590.0
9739,57,39.0
11338,22,1099.0
6720,22,2390.0
845,2,15005.0
9159,9,780.0
11716,34,4950.0
10598,34,3590.0
13916,22,1199.0
4805,34,3920.0
12073,38,7700.0
5157,60,351.0
1808,41,1250.0
10993,34,4690.0
14108,22,3650.0
6234,38,17500.0
16849,38,15500.0
7191,50,662.0
3731,51,20561.0
7985,38,3350.0
10029,29,619.0
6431,22,934.0
2437,38,6190.0
15662,41,5500.0
5509,38,3800.0
9965,50,1971.0
5568,26,1917.0
5119,60,5599.0
3686,22,1899.0
9648,25,2050.0
3845,22,1799.0
2675,38,418.0
6928,34,3950.0
17310,22,1879.0
14600,11,16790.0
15656,22,1790.0
8820,57,679.0
14798,34,1790.0
10173,29,950.0
2655,27,18859.0
15682,47,1231.0
11559,34,16530.0
16562,34,9760.0
8181,38,990.0
5748,34,3980.0
15178,52,505.0
4059,52,475.0
10891,34,3090.0
9519,5,8760.0
8798,60,879.0
5580,52,405.0
14618,41,59990.0
1909,38,4109.0
10312,38,6500.0
4115,9,690.0
348,34,3840.0
8193,13,29990.0
13101,36,12000.0
12778,34,3470.0
16393,22,3690.0
8274,38,13990.0
5471,38,7904.0
10766,22,12880.0
17201,37,3900.0
11379,60,930.0
12181,50,6205.0
6148,34,8500.0
5630,34,10890.0
17469,34,8500.0
14342,60,879.0
1224,2,24990.0
13323,27,14289.0
9341,34,5780.0
11008,22,1519.0
12383,47,2195.0
17185,60,718.0
15187,50,3753.0
1868,57,549.0
6412,38,5008.0
8446,34,12000.0
10669,34,550.0
13213,60,1089.0
5274,11,7985.0
123,22,2899.0
10274,38,10670.0
14900,34,5910.0
4132,60,2949.0
11135,34,6710.0
725,22,2199.0
1911,34,11100.0
7031,34,3800.0
7120,35,620.0
5065,34,8990.0
8638,26,1168.0
16260,47,1747.0
10222,38,2850.0
3288,38,24360.0
9178,27,14909.0
1485,50,2460.0
3267,34,890.0
55,34,1.0
6181,50,7690.0
8924,38,15000.0
2809,22,2749.0
14265,22,2499.0
17071,27,10200.0
3236,60,563.0
17514,47,14590.0
3704,34,0.0
12855,22,2279.0
10094,22,7992.0
4604,22,1099.0
15767,60,4399.0
1946,34,5000.0
5847,22,5799.0
11045,38,340.0
10275,25,2500.0
12262,47,1473.0
6321,5,449.0
3234,22,2719.0
2237,34,3692.0
14570,60,2448.0
8979,53,13500.0
4847,38,890.0
380,22,3799.0
11978,34,4350.0
1650,11,28000.0
10428,50,25816.0
9796,60,1119.0
1762,41,5400.0
8889,38,3800.0
1876,34,9452.0
10404,57,370.0
11979,25,36990.0
3235,22,3999.0
8523,36,29990.0
11030,5,8990.0
8835,22,3649.0
8347,9,750.0
7176,50,436.0
15628,9,160.0
2875,34,10500.0
15059,34,4820.0
2719,27,7900.0
14627,22,3490.0
15946,34,5000.0
6038,53,30000.0
7968,18,1590.0
3586,57,38.0
1091,34,1890.0
16094,38,25310.0
9231,38,14700.0
13065,22,4490.0
10287,34,10000.0
11913,27,7499.0
177,4,36600.0
3182,22,6790.0
10286,22,4929.0
3985,50,5890.0
5654,22,9099.0
8017,13,2990.0
14190,60,819.0
6833,18,7499.0
3341,38,12000.0
16917,22,1900.0
14163,38,3800.0
15808,27,78990.0
6813,22,4599.0
1330,25,36990.0
11920,22,7690.0
16228,9,3990.0
3100,60,2649.0
8650,44,7990.0
1116,47,5555.0
1693,51,4590.0
11851,34,4840.0
7382,29,5990.0
17428,41,7490.0
5487,27,4889.0
12675,57,499.0
6243,29,3002.0
10234,38,9490.0
10530,38,3850.0
6258,27,2790.0
5110,34,12520.0
6197,41,19797.0
2455,37,35000.0
11359,22,1499.0
16473,22,1999.0
17280,27,12900.0
3354,50,14001.0
6127,11,28290.0
11569,47,790.0
11208,41,20240.0
2902,52,695.0
11628,50,1700.0
12079,38,36050.0
6655,57,2310.0
9019,34,3500.0
11464,38,12000.0
3195,22,4890.0
1945,22,2209.0
15886,13,690.0
13300,22,799.0
9788,5,1480.0
4844,47,3837.0
3677,34,3860.0
2521,34,4890.0
14124,50,23390.0
6848,60,2484.0
9773,57,1600.0
13801,38,3190.0
10658,60,337.0
11949,50,3125.0
14125,34,3860.0
818,60,979.0
11383,22,2079.0
11683,41,890.0
4698,27,3490.0
6754,13,42990.0
7133,34,3960.0
2036,38,3610.0
2591,60,2659.0
1420,25,2050.0
10131,60,2414.0
12944,38,10044.0
15987,26,3471.0
11917,57,367.0
1387,34,3930.0
7491,50,879.0
6685,22,3199.0
17323,60,807.0
10539,22,1699.0
10229,46,492.0
10024,57,41.0
3160,52,2950.0
5057,60,1999.0
15523,34,749.0
160,27,5590.0
993,25,7990.0
8622,60,930.0
12219,38,7910.0
8588,25,3600.0
2582,47,458.0
546,38,4200.0
13529,34,1790.0
16141,27,8690.0
13193,60,1349.0
12427,47,6499.0
1633,60,420.0
5360,34,3450.0
9078,27,6790.0
14115,25,7190.0
8233,57,226.0
10466,2,4999.0
167,25,32990.0
2134,38,8370.0
605,34,3570.0
4474,38,36000.0
12547,13,639.0
4469,38,5828.0
14353,34,1690.0
12643,5,20400.0
15329,34,1.0
6291,52,764.0
7810,38,4200.0
11754,22,3952.0
5659,38,1830.0
2608,60,1445.0
2600,38,1900.0
10008,27,7900.0
12290,38,7800.0
6988,22,2319.0
8815,41,28500.0
422,38,2590.0
5608,22,2599.0
15078,41,790.0
969,36,41990.0
11661,38,7180.0
5414,22,5199.0
8687,29,570.0
10666,22,1899.0
7971,27,1559.0
129,60,891.0
6260,60,1842.0
15212,57,70.0
6467,22,2759.0
16490,22,1599.0
4405,34,7110.0
8058,11,20490.0
10561,44,639.0
16641,27,54490.0
15413,11,17390.0
10818,34,15600.0
3534,34,22500.0
5030,41,390.0
13462,34,3990.0
9049,51,13290.0
15242,11,12390.0
14635,60,669.0
2766,41,5990.0
8865,60,578.0
14736,41,9990.0
6338,22,1699.0
9566,22,3519.0
11875,34,21840.0
360,26,72990.0
408,60,963.0
11140,11,5990.0
13607,41,11751.0
11651,60,1649.0
22,41,3300.0
1464,50,1236.0
700,34,4990.0
12386,38,570.0
8976,38,1086.0
17503,22,1199.0
1052,34,3770.0
12470,60,6315.0
2194,34,23000.0
10595,22,4890.0
5631,34,13860.0
9116,38,9700.0
5996,27,45270.0
6624,34,3900.0
4611,26,118200.0
11290,60,1529.0
9275,29,1140.0
297,26,1890.0
16327,27,34990.0
8135,60,675.0
2316,50,5196.0
14910,34,4580.0
11595,50,1790.0
12015,38,4990.0
7877,27,2900.0
15076,34,3860.0
1192,25,15990.0
2964,53,134000.0
415,22,3690.0
16034,29,1150.0
16811,22,6499.0
4266,34,2390.0
15539,36,76990.0
3812,34,109000.0
7138,34,4989.0
866,27,7490.0
3741,47,415.0
4595,25,32990.0
2872,41,11990.0
7656,34,5990.0
2883,25,12999.0
10460,51,11990.0
16209,16,23390.0
13636,38,14750.0
6419,38,890.0
17059,50,5790.0
16102,26,54000.0
4248,47,1690.0
14282,34,2700.0
2536,34,3090.0
3715,38,4750.0
8887,34,8840.0
13868,41,4290.0
8929,60,2399.0
15893,38,15000.0
16017,22,3799.0
15271,41,1550.0
5931,38,1499.0
9213,34,3950.0
7684,22,2999.0
9864,38,54790.0
5621,53,40000.0
10078,44,1290.0
104,34,13496.0
3421,60,1999.0
13431,34,9750.0
12421,29,1900.0
10278,34,4430.0
8100,16,13520.0
6959,27,790.0
3106,25,25990.0
14035,25,26490.0
17408,26,16520.0
15620,34,5950.0
1292,50,58703.0
2313,22,5800.0
11354,22,1999.0
15787,34,3390.0
4722,29,5889.0
5764,50,3618.0
8039,60,1439.0
7717,38,6100.0
9034,50,1498.0
1355,41,3850.0
10376,22,1499.0
7633,22,180.0
425,27,5589.0
13851,11,8090.0
14443,16,19990.0
16174,22,4490.0
1934,34,18900.0
5443,60,6649.0
15311,22,1759.0
964,22,11920.0
2633,34,2790.0
15515,50,2490.0
5857,4,14960.0
15771,27,34990.0
3256,29,950.0
6436,47,1409.0
13564,4,12990.0
11544,11,4390.0
8537,60,1688.0
16497,50,24990.0
881,38,950.0
13898,34,3870.0
15520,27,4990.0
8670,11,24990.0
2133,38,2298.0
7199,26,1490.0
10531,57,75.0
16085,22,1879.0
2034,50,329.0
15860,50,110.0
4996,13,2590.0
8499,41,3550.0
6247,38,3299.0
15350,26,5999.0
15362,22,2349.0
15439,52,499.0
12513,37,8000.0
8086,60,484.0
6070,60,713.0
15253,27,2390.0
13846,38,826.0
11675,34,8490.0
6354,22,1606.0
10898,25,13990.0
1735,5,1560.0
13618,22,3600.0
1983,44,23990.0
1691,60,499.0
9163,22,5149.0
10270,44,26490.0
17013,60,791.0
1810,4,4925.0
9358,22,6690.0
15902,38,4100.0
7247,57,104.0
10956,11,31390.0
12819,47,3590.0
8821,26,23793.0
4588,41,29990.0
14136,34,16900.0
12511,57,415.0
16185,34,14750.0
11128,22,1499.0
8748,60,716.0
15307,51,5990.0
13239,22,2900.0
14253,25,900.0
14442,26,30900.0
9378,34,7840.0
10370,50,7890.0
2650,22,8090.0
12393,34,4650.0
14458,5,3449.0
12217,29,2512.0
8786,34,3910.0
15088,41,4490.0
14823,50,8200.0
17355,34,3450.0
6284,34,3520.0
10153,51,7590.0
8153,13,17290.0
10304,34,30000.0
1880,41,450.0
1348,38,1398.0
5085,41,690.0
4199,4,6790.0
13513,52,365.0
2663,50,539.0
5303,22,2699.0
8286,53,17500.0
963,34,3870.0
16208,60,891.0
12549,53,7600.5
12223,52,481.0
12401,60,799.0
7536,26,728.0
797,22,2399.0
5073,50,292.0
8051,44,28990.0
15197,60,539.0
10486,27,5699.0
14928,38,20858.0
10436,50,5783.0
10359,60,999.0
1687,38,3290.0
4433,47,2658.0
14566,25,9990.0
12882,41,13990.0
13415,29,2300.0
3259,22,1799.0
11645,22,2719.0
16274,47,11850.0
1732,50,719.0
6404,38,8150.0
7244,22,7149.0
78,29,4429.0
4233,22,2399.0
13536,34,3450.0
10670,22,1399.0
6937,34,11890.0
11466,22,2990.0
3209,22,16490.0
10715,16,15990.0
4389,38,1190.0
17214,22,2499.0
12527,57,370.0
9321,41,890.0
2196,47,1874.0
5880,60,2999.0
2772,47,622.0
1643,34,3890.0
7571,22,745.0
3046,38,13290.0
17254,34,2500.0
10415,27,99000.0
17494,41,1290.0
1614,41,2290.0
16325,34,3930.0
2055,50,142.0
456,22,890.0
3656,34,3590.0
1565,34,7790.0
12938,22,2199.0
7092,60,799.0
13116,22,1599.0
2470,50,1003.0
17225,67,2540000.0
6525,60,1198.0
2448,38,170.0
16234,38,14990.0
28,38,48060.0
4022,50,6710.0
1707,44,6490.0
13074,34,4290.0
9072,34,8950.0
15659,38,9919.0
14135,26,44530.0
10603,34,5970.0
5121,22,2749.0
1515,50,279.5
9482,34,4040.0
16797,22,2495.0
5216,38,12675.0
13330,50,22545.0
13307,22,2199.0
5060,60,1399.0
1342,11,180000.0
628,44,89990.0
12945,50,579.0
13974,16,16990.0
6102,38,1390.0
8747,60,1044.0
10500,52,455.0
14286,34,8500.0
16163,50,980.0
9600,60,849.0
5935,34,5970.0
4422,22,2799.0
7087,41,490.0
16751,52,370.0
13667,26,26340.0
4190,34,500.0
15248,16,16990.0
5922,60,1439.0
15901,34,11000.0
14934,29,4550.0
16339,60,1313.0
11312,22,1100.0
7123,38,14970.0
9509,52,352.0
5825,27,55990.0
863,9,910.0
1937,47,1330.0
11977,51,7390.0
16045,47,1730.0
6934,22,1759.0
6800,60,1862.0
1708,34,60000.0
12676,38,9050.0
11293,34,3890.0
13677,29,2974.0
5719,22,2399.0
9959,34,590.0
4938,22,6490.0
14294,25,6990.0
10842,22,2390.0
5523,26,10010.0
17000,27,84500.0
2440,22,19990.0
10843,38,2070.0
1947,34,1890.0
15401,41,6990.0
2295,4,12330.0
4015,38,1661.0
16066,60,889.0
8094,38,13560.0
7177,37,12000.0
5618,38,1990.0
13381,37,15000.0
702,34,4810.0
8762,44,1000.0
7574,38,14990.0
12585,22,949.0
14641,22,4490.0
10868,27,1400.0
3304,38,4876.0
7964,27,5999.0
12292,60,799.0
12043,57,226.0
7139,27,15499.0
15152,50,21390.0
175,38,78000.0
16183,41,490.0
16628,25,6590.0
4211,27,4900.0
10795,60,4631.0
14477,38,26000.0
6837,22,3900.0
8334,27,1090.0
14591,22,2199.0
15012,22,2249.0
7034,26,2572.0
2384,34,6000.0
4639,34,3500.0
6587,2,57990.0
13566,11,15790.0
1814,50,110.0
10508,22,2449.0
10433,22,1699.0
10567,47,2390.0
14495,38,2400.0
2868,27,5700.0
11749,38,6380.0
10717,34,5840.0
398,52,896.0
9716,50,7673.0
1578,34,4500.0
12830,22,3499.0
3175,47,1606.0
9860,38,74900.0
15524,27,4999.0
15182,34,366.0
17063,4,6300.0
11329,26,10990.0
4699,22,4799.0
9476,52,350.0
6906,50,167.0
1933,47,889.0
5760,16,4459.0
13888,34,5760.0
5462,26,85964.0
9443,38,5200.0
2777,4,4310.0
9867,34,890.0
14720,22,2559.0
2430,27,5490.0
6384,41,1625.0
4446,41,37990.0
3219,34,121100.0
3,47,3290.0
8642,50,4520.0
5555,22,6299.0
16336,34,4590.0
1686,22,424.0
15368,41,17650.0
2327,50,128.0
7868,22,2749.0
7881,57,147.0
10045,22,1606.0
16578,34,2890.0
10219,50,10990.0
4508,53,7250.0
13546,34,7000.0
39,60,1634.0
14048,5,3690.0
13932,38,66940.0
1779,53,3600.0
4797,34,3690.0
11144,47,790.0
3142,22,2949.0
3072,38,2290.0
14497,22,7900.0
9800,34,463.0
14090,38,60750.0
3866,26,35990.0
4616,34,4690.0
11700,38,1200.0
4653,34,9500.0
405,47,4890.0
6999,60,250.0
14283,22,3490.0
11929,34,9300.0
27,22,3490.0
13967,27,17989.0
3306,34,6500.0
1120,29,690.0
16823,47,4485.0
765,5,12086.0
6876,29,3250.0
12764,22,579.0
11504,22,1949.0
9712,50,7335.0
5754,4,6500.0
16603,47,3590.0
9607,60,4099.0
3346,47,8890.0
4659,38,17859.0
9186,60,1099.0
3531,60,1949.0
10264,41,3490.0
7479,53,410397.0
15980,34,8490.0
15866,41,1000.0
8888,22,5390.0
15831,57,1882.0
13722,47,39500.0
12087,34,6850.0
12984,9,1695.0
9615,38,10550.0
14554,57,126.0
13212,38,890.0
7600,5,1390.0
3497,60,519.0
9608,38,17012.0
7982,44,10990.0
3228,34,6155.0
3789,37,35000.0
968,34,3800.0
3827,50,4060.0
16158,41,1600.0
2370,60,867.0
12611,50,8500.0
15624,50,1991.0
1099,38,2016.0
13820,27,14299.0
13537,22,4500.0
14410,38,6480.0
14902,47,5915.0
6167,34,5440.0
3857,29,610.0
10577,38,6750.0
6582,47,1790.0
10097,27,7800.0
8436,34,23500.0
5796,50,1470.0
4099,9,1399.0
14848,34,3880.0
3980,29,950.0
10151,38,1671.0
4071,41,7990.0
402,60,3284.0
13419,38,23900.0
3428,38,5150.0
7400,60,1099.0
8021,44,31990.0
4568,25,34500.0
10516,38,10000.0
13490,27,5990.0
12748,34,1590.0
16374,38,5150.0
11157,38,18000.0
14078,44,37489.0
17096,22,3983.0
7274,60,4789.0
1274,47,990.0
15557,41,1690.0
2930,22,2749.0
7728,26,49049.0
15270,57,147.0
15107,22,1490.0
8528,34,1.0
392,41,6990.0
12089,16,15149.0
8,34,4390.0
4103,34,408.0
14651,22,4490.0
743,22,2209.0
10611,34,23500.0
17374,34,11400.0
15915,22,2249.0
16594,60,979.0
6602,11,12930.0
9669,22,2020.0
1249,60,2399.0
9004,13,2490.0
16790,60,2448.0
9404,50,5890.0
2661,57,176.0
13383,22,3599.0
10796,38,20700.0
12644,38,6800.0
2983,38,1694.0
11906,34,3590.0
411,34,3840.0
6193,22,6949.0
2549,47,1670.0
5597,16,11891.0
2680,50,13500.0
4717,34,5970.0
10587,22,765.0
14901,38,15850.0
8792,22,3999.0
9260,34,4910.0
774,41,4990.0
12618,37,16000.0
5146,38,26400.0
12259,22,2719.0
15679,22,7992.0
12402,27,18990.0
13511,22,959.0
3641,34,4940.0
9696,34,0.0
2473,38,9850.0
7304,34,4790.0
8692,22,9400.0
17517,22,2319.0
6047,11,13000.0
10250,41,46990.0
12816,60,2399.0
8579,38,2300.0
15586,50,3999.0
9150,53,10000.0
13538,34,3890.0
2423,34,3990.0
14343,51,11490.0
5987,50,917.0
15266,50,6655.0
304,60,1799.0
3996,34,8500.0
568,22,3490.0
10865,34,14800.0
1507,50,1040.0
3908,52,312.0
3756,34,990.0
16057,22,4599.0
9777,27,3490.0
2047,22,2464.0
1248,60,919.0
1821,11,4900.0
13779,22,13300.0
16075,52,476.0
2218,34,5000.0
12561,26,1899.0
17318,25,22990.0
3015,50,1040.0
3455,41,18990.0
13084,22,3199.0
9536,11,21320.0
5234,38,9800.0
933,60,4799.0
12696,22,3599.0
948,60,1899.0
416,22,1599.0
8846,25,26849.0
2802,38,4800.0
2597,47,789.0
8412,38,38000.0
13843,57,779.0
3311,22,1400.0
7683,44,3580.0
8467,34,650.0
8115,60,563.0
13333,60,1599.0
67,34,990.0
350,50,5420.0
12964,51,3990.0
16921,38,1000.0
1572,27,39990.0
1082,60,3759.0
17054,26,24990.0
14050,41,6490.0
2952,60,3704.0
14370,41,280.0
3500,34,1.0
12207,44,99990.0
5351,34,49020.0
1759,60,1399.0
684,53,12133.5
8431,50,6660.0
2083,41,49990.0
2881,34,3450.0
12233,22,11400.0
3261,34,3460.0
8026,50,2664.0
1675,60,1039.0
242,60,1093.0
17197,27,6800.0
399,22,3349.0
710,34,6300.0
13692,5,2340.0
14009,34,4000.0
4536,50,2100.0
8875,16,4200.0
1212,50,435.0
3280,41,750.0
3725,27,34990.0
778,38,20000.0
11195,22,1799.0
17249,34,2445.0
16241,38,3390.0
376,36,22900.0
5974,60,599.0
11065,25,29190.0
16069,38,70876.0
4315,22,26990.0
8044,34,7500.0
10524,60,999.0
2187,22,3149.0
5676,50,13150.0
13247,41,1490.0
17028,47,1107.0
15020,11,560000.0
9061,60,1649.0
9834,38,869.0
13701,34,303.0
8247,27,3790.0
998,34,3500.0
2612,34,3950.0
16157,22,8490.0
10487,60,1399.0
15435,38,9050.0
9679,41,10990.0
1806,38,31500.0
13902,60,510.0
13539,22,3190.0
9798,38,12800.0
1184,36,34990.0
6882,5,20485.0
880,34,3930.0
7163,22,2449.0
1257,22,3349.0
6524,13,2090.0
3070,22,3359.0
14246,50,1999.0
11983,34,4400.0
9544,27,45585.0
16648,36,26600.0
7880,13,9999.0
703,34,7490.0
17141,22,18900.0
6378,34,3830.0
16989,50,6390.0
12039,4,12190.0
6925,22,3899.0
13342,60,356.0
1276,34,1990.0
9890,22,829.0
7424,38,10100.0
9786,50,4590.0
17277,27,5000.0
4624,60,483.0
9799,47,986.0
4799,60,1359.0
12985,22,463.0
3115,22,2159.0
512,50,12780.0
5508,38,4550.0
8474,60,1649.0
14457,60,1249.0
11945,34,16810.0
7638,38,17850.0
3069,38,14175.0
5786,41,3990.0
7334,5,7950.0
4607,34,7700.0
12370,34,5890.0
12523,38,6326.0
10062,38,7000.0
14068,38,2720.0
5975,22,2759.0
1756,27,3000.0
16653,26,23990.0
2858,38,9090.0
7958,60,1198.0
853,50,4190.0
8869,34,2390.0
2749,38,3800.0
2845,38,4290.0
7628,34,5000.0
7974,47,2890.0
16685,38,260.0
1307,25,5399.0
11533,38,7061.0
9081,11,215000.0
235,34,5200.0
6056,27,7860.0
497,11,1300.0
16328,22,952.0
2668,34,6000.0
5697,27,21990.0
10834,41,30.0
9313,9,690.0
2221,50,51735.0
1527,41,29990.0
6418,29,1179.0
6557,60,1047.0
5837,27,39120.0
1783,38,139000.0
12118,38,3550.0
14311,34,3880.0
12376,52,1820.0
6027,41,15990.0
1557,29,1709.0
13698,34,3920.0
5447,52,2480.0
14854,47,542.0
13328,38,38024.0
2539,34,3390.0
1396,38,4400.0
8136,38,19563.0
9569,34,373.0
6048,27,4290.0
8995,2,39990.0
8392,34,1.0
426,57,214.0
4077,22,3399.0
2412,22,4190.0
8125,34,15900.0
6242,60,423.0
9293,27,13490.0
8632,3,152.0
15434,38,12990.0
166,41,3790.0
15779,22,3774.0
16196,38,9600.0
5851,22,499.0
2216,22,2994.0
2931,52,438.0
16842,38,4750.0
8336,38,4200.0
9387,22,2790.0
12070,50,425.0
8108,50,1810.0
6303,5,930.0
312,34,1895.0
6111,60,849.0
5638,60,569.0
16762,38,3889.0
14723,51,5390.0
5005,41,1290.0
5556,41,3900.0
16999,5,1161.0
10945,22,17490.0
14838,26,33900.0
9080,27,16000.0
15347,4,20720.0
7457,38,16260.0
9828,5,6950.0
6145,27,16990.0
16408,11,15710.0
1712,51,9120.0
7666,22,1759.0
6229,34,4800.0
9162,34,2990.0
13356,50,414.0
1744,44,42990.0
1217,60,1099.0
7066,38,2400.0
4263,38,7150.0
5026,29,1000.0
12574,34,15699.0
6850,22,2899.0
14208,50,2300.0
5653,36,69990.0
17407,35,1291.0
15352,34,6410.0
5805,38,31330.0
6585,50,15192.0
8155,5,1742.0
6722,60,2179.0
2706,34,3940.0
6482,27,19990.0
5577,34,4570.0
7988,38,15500.0
2949,22,1190.0
5543,60,1399.0
17142,38,2037.0
5200,22,5390.0
2953,22,479.0
1833,26,13292.0
2341,34,6970.0
2826,60,5052.0
4780,34,6500.0
1118,22,3760.0
12657,27,74490.0
1429,60,934.0
6497,5,13989.0
170,60,3599.0
9699,34,3600.0
7983,34,558.0
358,34,4870.0
1098,60,2099.0
15092,34,8000.0
5757,60,1027.0
7556,50,20500.0
6394,50,1390.0
12137,38,10940.0
8856,29,2490.0
9888,34,6647.0
66,27,26999.0
8066,38,11600.0
17086,50,400.0
6715,18,1750.0
14912,26,12012.0
13484,60,1119.0
12243,29,2000.0
8022,60,1546.0
9180,60,1249.0
14699,60,1999.0
12415,34,3570.0
16405,27,13990.0
9292,38,4200.0
8377,60,2499.0
9413,34,12000.0
11698,38,8900.0
7537,29,999.0
10356,27,2009.0
5751,22,2307.0
16171,38,2856.0
9571,34,6000.0
7297,22,3569.0
8358,22,3499.0
16534,60,634.0
11724,60,1399.0
9119,60,1399.0
10897,22,5990.0
2407,34,5870.0
8818,34,5840.0
7070,11,110000.0
5661,29,23990.0
6066,38,7700.0
293,38,7280.0
366,29,2310.0
8620,34,3990.0
4098,27,5990.0
4223,41,1190.0
15511,34,4840.0
13054,34,1670.0
13532,60,1198.0
14305,22,2000.0
16097,38,12390.0
11933,22,2319.0
4179,60,350.0
12872,38,7909.0
9484,47,598.0
14872,34,7000.0
11387,38,6440.0
11550,13,12990.0
7840,26,3013.0
13838,41,60.0
7465,16,2490.0
16693,50,9600.0
6119,22,4990.0
14532,27,4190.0
10257,34,4500.0
14267,41,18900.0
7270,22,10010.0
17278,34,16900.0
13144,27,3145.0
667,4,4812.0
10161,34,14900.0
13783,44,13490.0
3078,60,488.0
4963,4,8690.0
8895,53,2200.0
14873,29,1969.0
10027,26,16959.0
17349,60,2499.0
15023,34,7000.0
12914,57,244.0
14488,34,6000.0
7827,38,2069.0
9185,50,2990.0
12388,41,5350.0
6621,47,1030.0
7832,22,2719.0
6553,38,4690.0
12894,60,671.0
2088,34,4700.0
330,60,1649.0
6622,34,8730.0
13030,22,4200.0
7625,60,799.0
10514,52,430.0
12655,37,3650.0
9671,9,1690.0
2911,9,1690.0
4962,60,549.0
10970,44,2590.0
17463,27,10990.0
2037,50,146.0
3456,52,66000.0
9535,34,14479.0
16619,60,3031.0
12614,11,8390.0
5562,60,5440.0
1374,60,2099.0
100,52,1415.0
4165,27,11512.0
10469,34,8500.0
7610,34,4500.0
5272,22,5349.0
15492,53,116025.0
16952,44,27990.0
2755,47,2380.0
8500,22,1699.0
499,50,6867.0
1662,22,2549.0
12149,34,3500.0
9733,27,5750.0
16331,34,3810.0
47,34,5590.0
15418,26,4200.0
7831,11,7980.0
3303,38,17550.0
10344,22,679.0
655,50,3150.0
4884,57,599.0
8885,60,2249.0
4085,38,799.0
6237,50,419.0
13844,38,12020.0
4809,29,5190.0
16673,38,3690.0
13883,27,3000.0
8648,34,5500.0
5249,29,1699.0
12752,34,3820.0
11935,34,11700.0
2703,34,4980.0
5599,13,2590.0
17004,60,2399.0
9432,34,3930.0
14028,2,34990.0
14482,29,3790.0
238,38,7439.0
16983,34,4890.0
11394,22,3349.0
1905,41,1390.0
9531,13,1990.0
13626,50,5941.0
15472,34,3900.0
4477,38,6800.0
12353,38,35640.0
6470,34,6990.0
10517,52,602.0
12815,22,600.0
16321,50,4338.0
9357,41,1790.0
16767,22,2299.0
14180,41,1690.0
1694,52,429.0
752,50,1172.0
8249,22,155.0
14223,25,12248.0
1942,41,3300.0
2688,34,72000.0
10092,13,1409.0
15099,36,39458.0
16779,22,3299.0
9139,46,774.0
412,47,3490.0
15376,50,4138.0
17505,41,16800.0
1663,47,20280.0
16323,41,12990.0
12780,41,11999.0
6169,27,17690.0
6866,26,21400.0
3930,26,27505.0
11577,50,5120.0
10570,51,13473.0
11476,38,14350.0
11618,34,3960.0
5881,9,3499.0
8654,38,35300.0
6654,5,17241.0
4754,22,1949.0
7716,38,23850.0
11215,34,2290.0
10710,9,1610.0
14571,60,671.0
9448,60,3759.0
8562,50,3917.0
3440,38,2492.0
13217,47,776.0
8797,38,5859.0
12662,22,1299.0
9301,29,1379.0
9143,53,2050.0
16488,26,5390.0
6794,60,1099.0
10576,50,11291.0
6429,60,444.0
11634,22,890.0
2525,11,8540.0
11751,9,2990.0
17139,11,1290.0
8841,50,270.0
17162,60,828.0
10724,46,165.0
10692,13,1429.0
15936,34,1990.0
7677,27,42800.0
14890,38,4500.0
6396,27,3390.0
17495,34,3840.0
16692,34,1500.0
10367,50,4090.0
2758,29,1990.0
4041,27,18540.0
4154,27,2990.0
2262,27,3500.0
7108,38,14090.0
7688,34,3880.0
9097,38,15300.0
16277,22,1490.0
14089,38,1350.0
8874,22,390.0
10789,18,2290.0
6108,22,3190.0
7513,27,24990.0
3424,34,3500.0
698,11,95000.0
17336,36,26990.0
2063,27,2400.0
13154,60,3599.0
1358,38,5800.0
11166,60,893.0
16072,34,3000.0
17373,57,1798.0
1178,41,23990.0
5459,38,2710.0
2967,34,690.0
13981,25,3100.0
16633,50,9390.0
6183,22,8299.0
14555,50,5590.0
1090,34,4490.0
8893,47,1420.0
17294,2,17990.0
11447,38,107.0
11817,2,27990.0
15237,13,2990.0
8501,27,16990.0
8938,50,7009.0
3722,38,40500.0
2048,50,12600.0
7507,38,6870.0
15838,50,129203.0
16279,38,5240.0
6371,22,12000.0
13192,27,7890.0
1503,50,9448.0
13409,26,3686.0
2102,34,5500.0
10788,34,790.0
16114,22,4199.0
12238,25,22523.0
1070,22,2490.0
5924,41,16490.0
4105,22,1104.0
10157,27,3990.0
4964,22,24990.0
6689,38,6179.0
8958,60,638.0
12199,22,3599.0
3765,5,730.0
9559,22,20019.0
4349,34,10560.0
5827,22,849.0
12510,50,909.0
16456,38,2843.0
11350,22,2299.0
10992,22,1279.0
9207,52,789.0
15816,22,33592.0
535,50,432.0
11872,41,10589.0
12179,38,4690.0
6133,22,1954.0
12186,22,11299.0
2409,11,3420.0
3950,38,14000.0
1112,34,2890.0
13404,29,4450.0
14354,5,28990.0
7197,60,1784.0
8714,52,336.0
16320,38,19380.0
7952,34,4520.0
12194,50,399.0
1101,26,39000.0
8053,52,673.0
8750,47,65000.0
14840,60,1832.0
7506,50,5290.0
1340,38,1990.0
15973,50,13990.0
14506,50,28300.0
14650,34,7000.0
12870,27,92990.0
3269,60,337.0
8916,38,7900.0
2434,38,1694.0
12390,34,2550.0
1218,53,69999.0
14421,34,6500.0
15219,22,2449.0
16605,22,15014.0
2867,50,79864.0
5890,50,2387.0
1758,60,1903.0
8629,4,11120.0
4341,57,166.0
11203,34,4540.0
10637,60,403.0
73,60,999.0
4687,22,1399.0
1862,38,84900.0
15568,9,2990.0
6203,38,2499.0
5698,34,1710.0
1209,4,12733.0
10267,37,30000.0
12046,41,1990.0
2757,57,169.0
15284,22,1249.0
1978,22,690.0
6859,47,1100.0
5344,41,725.0
13021,52,311.0
1338,38,1790.0
3874,34,5000.0
8211,47,5992.0
547,51,2405.0
15887,53,82875.0
8907,29,1549.0
204,47,689.0
10013,57,144.0
17011,25,6990.0
17053,38,3900.0
8734,34,890.0
15775,41,24990.0
3888,51,8190.0
5596,60,849.0
3742,34,5230.0
7405,50,2590.0
4344,22,2749.0
11665,41,1490.0
13678,22,3299.0
6534,34,3990.0
10144,34,4960.0
1669,13,699.0
2568,5,530.0
4155,38,3450.0
6171,26,5990.0
8111,4,5291.0
4929,38,13500.0
10449,38,10500.0
3737,5,10141.0
16430,22,29300.0
4174,50,9200.0
2089,52,998.0
14040,2,36990.0
4049,22,3600.0
11018,38,4490.0
4596,22,6792.0
4923,34,5000.0
7187,41,1290.0
15201,34,7955.0
11450,38,3688.0
10426,50,9308.0
1563,34,4990.0
13624,11,2290.0
9714,25,5590.0
2065,22,2749.0
16717,41,8990.0
6217,22,1430.0
16704,41,3990.0
6960,11,13310.0
1063,38,2980.0
4657,5,2090.0
12837,47,1200.0
16313,38,15500.0
16099,52,497.0
1477,34,6000.0
6661,60,1224.0
2884,50,6390.0
2609,50,2890.0
15945,34,6300.0
2223,38,35000.0
7423,38,3210.0
12861,47,3790.0
11652,34,9870.0
3984,29,2300.0
17251,34,17289.0
4288,34,3490.0
11429,60,428.0
16745,34,15000.0
2636,60,1999.0
1369,22,3490.0
7528,50,2130.0
9693,22,4490.0
9892,22,3299.0
4661,27,12990.0
15319,34,7000.0
7142,22,2999.0
4087,38,2089.0
14725,16,999.0
6667,34,24000.0
9102,50,2870.0
1619,41,9988.0
5588,13,2590.0
4387,34,1.0
17044,50,226.0
9678,34,7000.0
15243,26,8590.0
206,60,1399.0
932,34,0.0
6788,34,2500.0
15627,38,4050.0
12208,34,6700.0
4001,34,1390.0
17293,38,35000.0
12456,34,490.0
2830,38,769.0
6158,22,3959.0
9381,22,380.0
2192,60,760.0
12066,38,9900.0
13109,50,17410.0
4593,38,28000.0
1548,34,13000.0
4681,34,2200.0
17043,34,11990.0
9737,53,2250.0
3721,22,2899.0
5450,50,1350.0
15558,22,14880.0
11057,38,54400.0
3610,60,1309.0
6785,60,799.0
1226,22,4749.0
5514,50,4600.0
1875,34,5449.0
17,22,3349.0
11382,60,1729.0
16350,38,23900.0
15847,34,5520.0
6261,34,5880.0
5394,34,3860.0
1095,25,25990.0
16417,22,2499.0
2970,25,1800.0
10592,34,6960.0
11701,22,2392.0
13269,60,1359.0
13161,26,8999.0
74,34,22500.0
8327,27,80180.0
10593,22,2499.0
753,27,9850.0
6332,38,101990.0
2760,25,2100.0
3095,34,3490.0
6462,29,2997.0
4919,26,988.0
8350,47,18490.0
1941,60,3899.0
1863,60,1399.0
4306,38,7245.0
8911,22,3199.0
10900,38,50802.0
11798,22,2079.0
12869,5,4239.0
13794,26,99990.0
8908,27,14500.0
1500,2,45946.0
16924,35,3390.0
2002,29,1440.0
1571,51,4290.0
15814,26,5390.0
538,22,455.0
2643,34,1490.0
17366,38,12800.0
14067,26,13013.0
846,60,340.0
14579,60,969.0
13477,22,2949.0
15718,34,4820.0
8040,5,9350.0
2548,50,3090.0
14319,41,1390.0
14094,34,5000.0
8689,47,418.0
8498,34,1190.0
15369,50,67.0
12560,60,1099.0
9866,22,4999.0
16827,46,278.0
15040,38,13490.0
1944,60,1133.0
8994,53,104900.0
15005,2,69500.0
2425,52,321.0
3799,50,1040.0
11844,38,6620.0
13397,22,2319.0
679,38,4950.0
17132,51,1840.0
7565,22,9490.0
4551,37,18000.0
11027,34,7300.0
6084,38,8723.0
6611,26,8951.0
6760,2,23490.0
1519,60,1199.0
13146,4,22730.0
923,22,18900.0
10949,22,20019.0
9612,37,18000.0
1845,34,6239.0
12685,13,790.0
10526,34,42000.0
1512,34,7490.0
15069,60,4949.0
9948,27,7990.0
3902,38,9451.0
8215,46,3819.0
9972,50,12065.0
13279,60,1052.0
17120,36,20490.0
2995,9,3590.0
576,22,16799.0
14320,60,670.0
7712,5,1721.0
16821,34,4500.0
15708,37,6000.0
8154,47,5120.0
13077,34,16900.0
5491,18,2899.0
831,60,1349.0
16164,60,759.0
3488,38,5164.0
5363,60,772.0
15132,38,4333.0
17073,34,9500.0
15224,11,1290.0
2447,22,1113.0
15249,38,11450.0
12987,38,6300.0
13254,22,6099.0
12210,22,2298.0
13655,60,1387.0
8369,38,1180.0
4704,34,17000.0
895,60,999.0
4975,22,5149.0
11122,2,199990.0
6567,38,600000.0
7560,52,389.0
13223,34,15995.0
14841,34,4970.0
7544,22,2399.0
7801,22,13990.0
13060,51,10990.0
12961,22,628.0
17147,53,67100.0
4470,22,4499.0
7294,41,2190.0
13047,60,768.0
13729,22,4890.0
7803,52,351.0
15057,22,2930.0
6982,38,990.0
541,34,1.0
12271,50,1169.0
8186,11,5000.0
16478,22,2149.0
11113,29,1059.0
2231,38,6800.0
14747,38,3790.0
8625,38,5880.0
14942,27,770.0
10819,57,71.0
14808,34,3940.0
478,34,3880.0
10797,38,1690.0
3229,22,7699.0
6233,27,44044.0
1323,22,3679.0
14668,34,24900.0
11617,27,8990.0
8157,38,16559.0
7051,60,969.0
12963,34,3980.0
9350,22,751.0
13006,11,4790.0
9461,29,849.0
6372,34,3600.0
11842,27,9290.0
11746,34,402.0
9440,47,6499.0
15565,50,11600.0
16892,22,2199.0
9395,34,7820.0
4495,34,3690.0
6307,50,22000.0
14824,34,6590.0
2302,34,4690.0
1200,38,3495.0
13137,60,769.0
5240,67,350000.0
14298,60,1282.0
11336,22,4999.0
11077,60,1030.0
14511,50,2227.0
7639,26,8799.0
12239,11,9530.0
16966,41,200.0
12583,22,2319.0
4516,50,14500.0
11580,41,18990.0
7767,41,30.0
9214,41,19391.0
12110,34,3960.0
14170,27,54500.0
4048,22,2190.0
296,25,9990.0
12209,51,12290.0
2746,11,20390.0
9942,41,18990.0
15486,50,2151.0
2562,27,3639.0
929,38,17630.0
15083,38,8750.0
2733,44,26580.0
2207,22,1299.0
488,52,870.0
8811,38,15100.0
9158,38,3130.0
3580,4,7500.0
16338,5,7188.0
6967,27,6490.0
12074,22,3499.0
5113,34,2790.0
11479,57,135.0
8881,38,15990.0
16100,29,1570.0
10832,4,4987.0
4301,60,719.0
12464,2,62300.0
5557,44,98800.0
1412,34,312.0
10694,5,30.0
4307,11,55000.0
5148,34,7960.0
558,38,1799.0
5812,38,1290.0
9502,22,2200.0
3965,60,1099.0
16651,22,18880.0
13652,29,19990.0
12291,50,2290.0
1277,34,12590.0
8242,46,5400.0
7647,38,6800.0
14165,25,15990.0
1871,35,5100.0
610,26,5379.0
13662,38,7440.0
747,34,16000.0
2556,60,874.0
11297,22,2559.0
7950,38,33200.0
12170,22,4799.0
11970,34,11810.0
3005,22,2249.0
16390,34,4830.0
14903,5,538.0
9511,38,6291.0
17285,38,42474.0
10200,22,579.0
12365,34,3490.0
2456,38,5590.0
2732,11,4590.0
385,22,2879.0
838,34,4800.0
3145,26,11349.0
8250,41,450.0
7404,41,550.0
16031,34,2800.0
10159,22,1869.0
7779,60,674.0
873,22,9176.0
15846,60,839.0
12558,26,10990.0
1679,27,95780.0
3042,47,15275.0
10997,22,3549.0
7947,60,3249.0
9394,36,16990.0
6743,47,5390.0
14642,34,1490.0
302,44,3490.0
4514,38,910.0
13289,50,3780.0
8782,50,355.0
6563,47,10690.0
16315,22,1790.0
13238,22,4392.0
15675,38,1350.0
10718,53,20750.0
9941,29,970.0
2615,25,7490.0
1227,27,5860.0
9619,41,6900.0
5642,38,81000.0
4642,34,1590.0
12221,34,4900.0
2293,38,12680.0
3382,27,12199.0
6138,47,2885.0
2984,38,18000.0
4361,60,518.0
3156,22,463.0
1784,52,804.0
7384,47,1240.0
4410,60,1872.0
51,22,9490.0
16599,34,7800.0
12323,22,2339.0
3086,26,9990.0
6725,38,720.0
4019,41,2675.0
14755,34,4890.0
10651,22,3849.0
2613,22,2799.0
14990,41,16790.0
16411,25,5290.0
1431,13,990.0
13685,34,9700.0
13920,34,6690.0
1730,50,2260.0
8130,38,1290.0
13368,38,16590.0
14590,22,11799.0
1721,34,4820.0
11318,38,16500.0
5461,52,310.0
2979,50,5948.0
12030,60,1499.0
10942,4,19650.0
8718,4,8590.0
11358,51,9999.0
16918,5,210.0
4510,13,3090.0
12380,38,9400.0
9495,22,2899.0
7559,22,4449.0
6550,50,1743.0
1461,50,2450.0
13609,22,999.0
12681,51,12818.0
5271,38,119000.0
7173,60,916.0
2606,41,26990.0
6718,34,2690.0
13256,38,12450.0
8290,60,5474.0
11221,22,8174.0
2780,41,3800.0
17467,38,17200.0
5313,34,469.0
6753,41,2990.0
16607,29,720.0
13187,41,15290.0
10245,11,4990.0
6299,22,2299.0
5865,50,218.5
14321,34,155000.0
9117,51,29770.0
15844,47,970.0
7004,4,7999.0
1223,38,1090.0
2311,34,2600.0
13606,5,1292.0
4631,47,5590.0
4592,50,4130.0
13736,22,1279.0
13034,38,6850.0
14251,22,4480.0
4183,34,3900.0
10614,57,37.0
16893,50,4999.0
16447,13,2790.0
15430,60,628.0
5499,27,81500.0
1502,44,31990.0
5978,11,4860.0
3433,60,339.0
17354,4,18090.0
5713,47,2499.0
3703,22,650.0
5814,60,1536.0
14168,34,10000.0
10960,5,580.0
2729,27,2900.0
7046,41,18948.0
10702,34,3840.0
10034,5,420.0
2718,22,579.0
4535,50,2290.0
17204,22,3999.0
13559,27,22990.0
12697,27,4890.0
16297,11,13200.0
2019,60,689.0
11365,60,2149.0
365,41,23990.0
4578,4,11890.0
328,27,9029.0
7646,22,4799.0
16006,47,4790.0
13345,41,4689.0
15671,57,3570.0
12932,50,5090.0
9228,34,11990.0
16522,41,4490.0
1800,27,31490.0
13358,38,25000.0
13905,22,12990.0
12296,60,671.0
13194,41,1390.0
8124,60,2199.0
11804,38,13750.0
11395,34,5390.0
7621,22,3569.0
4167,27,400.0
9956,38,3400.0
9797,27,19990.0
11630,50,4085.0
2245,52,778.0
17051,34,8000.0
3865,9,790.0
2676,38,1694.0
8575,22,6560.0
10060,35,642.0
2694,60,3899.0
12803,38,17154.0
3854,41,1145.0
386,38,5800.0
7799,22,1954.0
4800,13,3990.0
13786,34,4000.0
876,60,4699.0
2264,38,12800.0
5694,34,1790.0
11575,52,1040.0
5225,5,1490.0
2752,22,1190.0
7794,22,2399.0
8862,50,125.0
17458,60,439.0
8581,38,730.0
16724,22,3000.0
9988,22,15014.0
2483,38,5640.0
12726,50,2790.0
17123,22,1340.0
10733,60,437.0
14709,47,2850.0
13602,34,4950.0
7945,34,3950.0
2627,52,1056.0
1798,47,4890.0
16960,53,2700.0
3859,22,579.0
6283,27,8900.0
14658,50,4505.0
10152,29,1396.0
9497,22,3599.0
14895,34,3920.0
414,34,4969.0
1152,37,50000.0
8255,60,653.0
17125,26,1490.0
12693,22,1399.0
9636,34,4410.0
8469,29,2200.0
13338,34,3880.0
241,38,4576.0
12494,34,67000.0
16768,27,7700.0
15911,47,4990.0
12086,35,7810.0
6001,9,1103.0
12941,38,73500.0
379,38,107000.0
11086,34,10720.0
12736,47,994.0
15449,47,3051.0
9315,25,15990.0
12359,60,599.0
15047,22,774.0
15317,27,825.0
62,44,21438.0
10054,38,3790.0
1877,41,270.0
2061,29,5955.0
9414,50,1565.0
7346,47,2786.0
13343,26,1399.0
1194,34,4350.0
14425,38,530.0
14473,22,1149.0
13771,38,4100.0
13859,4,17020.0
11766,22,1199.0
4990,57,75.0
520,38,13850.0
4033,34,9770.0
992,22,1390.0
17400,22,1100.0
4027,38,31860.0
8783,22,1399.0
5846,38,10950.0
13938,29,2090.0
10150,60,3899.0
391,38,169000.0
11015,34,3480.0
12335,57,144.0
16389,38,39900.0
15313,47,3950.0
15458,38,12940.0
9909,38,13877.0
14467,50,2624.0
2973,22,12514.0
1357,52,406.0
10613,5,7200.0
14039,38,9250.0
326,22,1049.0
5498,34,0.0
2426,22,2799.0
2397,52,993.0
9082,50,2590.0
9858,34,590.0
12274,22,3549.0
1834,34,3390.0
6416,13,1490.0
6610,34,5490.0
4485,38,2440.0
5889,37,20000.0
14673,4,24601.0
706,51,5817.0
6221,34,29595.0
7126,57,1490.0
867,22,9490.0
3146,38,790.0
3101,50,10968.0
564,27,45990.0
659,29,1840.0
3631,22,3390.0
15994,38,8990.0
15478,22,3000.0
13264,50,498.0
16005,38,2700.0
13005,22,4749.0
12204,34,4350.0
12935,60,1570.0
7033,25,32990.0
15070,26,95095.0
275,13,1190.0
13311,60,3599.0
4205,11,27660.0
4858,38,41816.0
17412,50,414.0
14760,38,3400.0
10411,11,7770.0
10405,38,881.0
2182,22,2399.0
12973,22,3999.0
7761,27,22990.0
9672,26,2490.0
2785,34,590.0
15422,41,1430.0
2662,22,2900.0
9219,11,4830.0
16049,11,22990.0
1407,47,12490.0
7766,34,6000.0
8461,60,1678.0
4787,22,24792.0
3257,22,2233.0
3104,41,2890.0
3419,22,3149.0
9630,22,460.0
4197,38,2970.0
6336,44,69990.0
1866,38,6400.0
12915,27,950.0
8159,47,24209.0
1321,50,1434.0
6887,50,2290.0
7655,41,5490.0
1569,38,35900.0
5465,38,2290.0
8429,22,3290.0
9552,38,5130.0
9067,60,1099.0
8834,50,18502.0
14117,60,3299.0
10498,11,5540.0
3800,60,614.0
9006,26,57547.0
15410,38,3230.0
2260,38,8070.0
2792,38,1550.0
9222,34,14770.0
15532,60,3599.0
14621,27,6290.0
16365,22,6249.0
4791,38,3810.0
12131,38,3350.0
5575,22,3190.0
4968,52,541.0
6504,38,1661.0
17417,22,13293.0
6649,50,4890.0
4645,34,3510.0
26,38,7150.0
16189,60,2130.0
3901,57,50.0
2700,34,7700.0
5403,34,3650.0
4044,22,2749.0
2450,29,4590.0
16947,50,5300.0
2724,38,950.0
16220,34,8500.0
10655,34,3550.0
1425,27,4905.0
8041,60,599.0
16624,60,879.0
12929,52,408.0
1156,38,11360.0
15792,26,49049.0
3270,50,12600.0
2618,27,67490.0
7781,26,1289.0
9411,2,1230.0
15832,22,2999.0
14813,38,5750.0
7373,60,1099.0
7826,34,6500.0
5008,26,31990.0
4672,41,1949.0
7167,25,14490.0
15833,34,1375.0
8617,34,72500.0
16262,41,2990.0
11808,47,1670.0
16423,60,4239.0
683,60,976.0
7806,41,49990.0
7891,38,1892.0
8104,27,65490.0
5942,38,14000.0
3951,5,1050.0
15018,60,599.0
7579,22,6290.0
3163,41,14990.0
10774,60,1439.0
3885,52,578.0
13102,50,11740.0
1135,50,1775.0
2745,34,3870.0
12801,60,2112.0
7963,34,2600.0
8210,38,16381.0
11099,50,270.0
10168,60,2949.0
3899,25,3499.0
10457,22,5900.0
4128,60,1299.0
6630,13,2899.0
10647,22,3679.0
878,38,14185.0
15615,16,4040.0
9309,38,13320.0
872,47,2992.0
13163,4,20840.0
7065,22,2449.0
14173,53,6500.0
5572,5,9350.0
4318,50,15190.0
15608,34,6200.0
12996,34,6770.0
1802,38,4750.0
7999,34,3540.0
9979,22,3490.0
9434,38,15100.0
9467,41,15490.0
1166,22,4900.0
10919,41,2290.0
9197,34,413.0
16994,26,5499.0
1780,47,14490.0
17036,16,8230.0
7237,22,1019.0
3794,50,939.0
1270,60,889.0
12791,41,1300.0
7316,60,829.0
10342,34,390.0
8048,34,3440.0
9967,34,7000.0
11241,41,9690.0
17262,22,2799.0
5247,34,4000.0
16626,22,2759.0
15835,22,4800.0
1275,38,8970.0
7500,60,2729.0
7014,47,11970.0
1770,16,13900.0
8646,22,1599.0
3361,46,20846.0
8514,22,27920.0
1914,53,4450.0
16933,38,2950.0
1401,22,2499.0
14235,38,15000.0
13747,25,19590.0
146,2,79990.0
8332,47,2288.0
13203,34,12890.0
12232,60,891.0
7777,34,6000.0
1247,22,5949.0
14629,57,209.0
931,38,890.0
6437,38,3730.0
340,47,11290.0
10236,34,8990.0
4250,22,3493.0
17300,38,36500.0
994,38,12740.0
7240,22,2949.0
2857,34,3198.0
2505,22,4499.0
13869,50,4120.0
11693,46,834.0
949,5,758.0
6893,38,6608.0
10252,34,3930.0
444,34,8500.0
7789,29,1290.0
79,44,59990.0
5334,34,3950.0
3282,34,2882.0
5971,60,1287.0
954,38,11600.0
11075,22,4639.0
10629,38,2280.0
7895,38,7990.0
17048,60,1058.0
13792,34,1173.0
15323,27,39550.0
4385,34,18400.0
13533,29,2250.0
7967,22,1699.0
16363,11,42690.0
7861,27,2000.0
8596,5,1250.0
12908,38,3190.0
15631,5,9860.0
8166,52,2210.0
7289,2,52990.0
1973,34,3500.0
2799,22,1399.0
5457,34,1190.0
15530,34,1890.0
15215,57,53.0
16606,29,1170.0
8217,47,1390.0
15550,27,15990.0
6122,34,5450.0
3979,25,4990.0
12226,60,472.0
8116,34,1790.0
11709,9,730.0
17064,11,15650.0
2994,53,697000.0
4234,46,799.0
1024,27,59990.0
15938,16,20590.0
9809,47,659.0
5228,22,2499.0
1931,11,6650.0
1981,34,3992.0
15880,38,13000.0
9123,5,21900.0
3176,60,842.0
12098,34,2590.0
16167,22,600.0
16710,60,1399.0
8355,34,9650.0
11810,34,7490.0
10932,60,829.0
90,38,15175.0
12623,29,1200.0
14120,60,1195.0
4769,2,37990.0
6029,26,22022.0
10596,52,410.0
17242,27,2900.0
6028,57,53.0
7795,34,3840.0
8879,34,2000.0
10689,22,1359.0
8443,26,18690.0
6814,60,1099.0
3821,38,12880.0
15704,50,9390.0
4988,47,2202.0
6272,34,3970.0
93,41,9240.0
7402,22,3990.0
15454,9,460.0
4443,11,8490.0
15652,41,310.0
10750,50,4590.0
17055,38,7950.0
11899,34,3850.0
4124,22,695.0
14054,34,3420.0
6852,29,6829.0
16191,34,12500.0
16616,38,1590.0
2467,34,24000.0
17052,44,18049.0
14276,27,6000.0
4567,34,4500.0
6408,36,199990.0
5576,2,69990.0
6673,38,5100.0
1891,41,790.0
7572,34,4430.0
16443,41,5390.0
3743,34,4000.0
4314,38,9950.0
7193,44,9898.0
8227,38,9490.0
6802,34,7820.0
507,22,819.0
7183,11,11290.0
15891,22,7490.0
556,60,1175.0
3144,50,370.0
11918,22,3949.0
8419,27,17799.0
12971,50,450.0
3102,50,12600.0
8265,60,1919.0
11541,60,956.0
5231,38,6600.0
9360,38,2200.0
5221,37,30000.0
6232,47,1290.0
7708,13,8399.0
11487,57,246.0
4723,60,2088.0
15931,47,1764.0
7839,60,3088.0
5291,50,13001.0
3391,25,13013.0
13629,29,3700.0
11625,27,44990.0
14992,22,2399.0
10293,38,18950.0
7109,50,7590.0
6781,38,2390.0
14293,52,413.0
13825,22,3999.0
16965,38,34610.0
4455,11,2790.0
7721,50,324.0
10402,34,8820.0
6565,2,29990.0
3831,38,30100.0
16204,26,91000.0
15353,50,1290.0
3347,60,897.0
1046,25,3290.0
7443,22,2799.0
10066,60,359.0
13337,29,1560.0
14772,60,4239.0
5553,5,24690.0
5290,27,2300.0
15759,60,2949.0
6672,26,1100.0
10240,34,53283.0
92,34,1.0
13942,38,17200.0
723,47,2222.0
16255,47,1258.0
16136,22,10249.0
15917,52,1025.0
10235,37,2325.0
8437,50,7144.0
5692,26,12879.0
9329,22,1099.0
9113,22,3849.0
11107,37,45000.0
15943,22,1690.0
13595,4,11362.0
14737,38,48000.0
1018,60,2199.0
4397,27,66290.0
1952,50,549.0
4283,44,161399.0
3514,34,1502.0
2727,38,8640.0
14260,38,5890.0
15545,22,6900.0
15417,34,490.0
7884,29,1400.0
12743,38,16800.0
6480,22,4699.0
14812,44,5490.0
15066,22,1699.0
5467,41,640.0
11042,29,10113.0
10787,57,1399.0
10438,22,1500.0
6896,34,6980.0
2238,50,7200.0
9430,41,990.0
6053,16,39990.0
10543,50,44700.0
9662,41,12990.0
4374,51,4690.0
12723,37,1500000.0
1746,22,2999.0
10532,34,3430.0
1441,57,41.0
14380,26,29691.0
7541,25,12990.0
9575,57,80.0
3879,34,6720.0
10873,50,4490.0
11742,26,6889.0
300,34,1741.0
1333,27,17490.0
10093,5,487.0
12332,38,14000.0
11870,26,19990.0
4585,27,20490.0
615,34,690.0
2554,34,4500.0
14987,38,13070.0
8060,60,969.0
9506,13,1499.0
15865,38,1560.0
12856,34,390.0
14866,4,9900.0
16215,22,1399.0
16309,25,8990.0
4534,34,6900.0
13880,34,2780.0
12911,38,1400.0
1047,27,9630.0
15230,27,54990.0
12052,22,1790.0
11388,11,22990.0
15370,29,2919.0
9302,38,6870.0
15063,22,3144.0
10221,38,4100.0
6343,38,40086.0
14186,34,2000.0
3657,22,23355.0
3457,50,15400.0
17284,27,25300.0
13258,34,1790.0
13542,27,19139.0
9496,50,563.0
121,22,1649.0
5324,26,350.0
10806,22,1799.0
9650,34,1075.0
10109,5,9300.0
3691,22,1599.0
3297,38,6200.0
4904,11,36000.0
5390,50,115.0
4834,27,7700.0
13730,34,1350.0
529,29,1120.0
4658,34,4920.0
2391,44,3990.0
17155,22,2399.0
12329,47,8990.0
6317,34,2890.0
13973,38,4830.0
2101,47,20500.0
13774,27,50490.0
11689,13,2990.0
11517,22,1899.0
16604,38,6800.0
3154,18,2599.0
2771,38,25200.0
15855,9,1479.0
13309,50,12735.0
4308,53,25300.0
1622,41,12990.0
14765,53,2800.0
13361,27,2990.0
11137,50,649.0
5198,41,1890.0
4731,22,8899.0
3335,22,3992.0
9770,38,16770.0
14975,22,2749.0
904,60,729.0
3876,38,8900.0
1238,41,2990.0
3692,38,6350.0
1087,13,1990.0
12503,34,16760.0
5776,38,5450.0
12005,22,5649.0
6965,22,1699.0
8435,34,1.0
15970,34,490.0
16340,50,3299.0
9053,34,3580.0
6729,22,3290.0
10888,34,1590.0
9076,34,8790.0
14244,34,1705.0
16511,60,2655.0
15529,50,240.0
15870,60,1599.0
1850,34,5490.0
9654,4,12342.0
7122,9,2050.0
1764,50,2464.0
6481,9,1190.0
15597,34,2800.0
7976,22,2390.0
11505,38,5380.0
7654,25,27990.0
12539,34,3920.0
5103,22,3490.0
11780,60,1249.0
12430,34,2590.0
15536,22,6490.0
4468,50,19359.0
8802,34,3980.0
263,38,13600.0
9267,60,774.0
4412,34,11465.0
14066,38,1400.0
5425,38,8350.0
17358,34,15900.0
12772,34,7500.0
14974,2,19990.0
6409,27,26399.0
3343,60,1099.0
4705,34,3950.0
16334,52,2547.0
7114,34,4890.0
719,29,1499.0
6347,60,2358.0
1314,60,2149.0
10285,9,880.0
15073,22,3299.0
2901,38,10360.0
9052,38,1791.0
14531,34,15000.0
2916,34,1.0
9409,50,432.5
4970,50,3690.0
8824,34,16900.0
2220,50,1690.0
9017,27,2600.0
13432,50,1960.0
16169,52,365.0
16145,34,5900.0
8540,50,47726.0
3226,29,2600.0
14243,50,6990.0
3661,27,6190.0
10010,38,14040.0
6282,5,380.0
11602,22,3799.0
12124,34,14940.0
8817,22,3999.0
4916,13,14490.0
4697,34,5950.0
14728,60,535.0
17117,60,471.0
10254,34,3520.0
13268,60,1099.0
82,34,3850.0
10929,27,45100.0
16503,60,1439.0
15251,22,14490.0
16403,60,2399.0
7364,34,9469.0
13125,13,28990.0
8741,22,4049.0
3919,4,34700.0
14175,22,1799.0
5412,22,6699.0
15975,34,1.0
10763,22,5199.0
15876,22,2249.0
1813,60,483.0
5607,29,1200.0
14085,53,87000.0
12670,29,2990.0
6453,22,1499.0
13277,41,1090.0
11177,5,2830.0
3947,60,1899.0
5391,57,54.0
16598,38,1490.0
1955,34,79000.0
13611,38,27000.0
10490,50,1190.0
11737,50,11090.0
2874,50,3290.0
14226,34,5950.0
603,60,703.0
12658,13,2689.0
8067,50,5990.0
871,26,2790.0
2762,60,1511.0
9594,34,1690.0
12478,22,1599.0
6609,18,490.0
4522,47,6240.0
15925,37,10000.0
4357,53,51000.0
6745,34,990.0
7286,34,3850.0
1176,50,21114.0
1551,34,3800.0
15321,34,7940.0
17394,37,25000.0
2743,34,4990.0
4173,47,322.0
17281,22,7203.0
2406,5,79980.0
6860,41,18990.0
15856,38,8723.0
6972,22,3490.0
11881,34,3400.0
11237,22,4999.0
221,5,14841.0
15687,50,650.0
13879,38,9250.0
9023,41,18990.0
9215,34,24000.0
3140,34,7500.0
16442,34,3312.5
14366,4,8290.0
450,13,1690.0
17307,38,18675.0
5534,50,5591.0
3186,52,374.0
15850,60,384.0
5669,34,4880.0
11713,50,13790.0
13897,41,27990.0
7246,51,11990.0
4950,2,17990.0
10485,27,14990.0
10520,34,8000.0
7870,60,549.0
3577,36,29990.0
17202,34,4260.0
9727,22,830.0
8002,38,135000.0
12193,41,30.0
14322,47,360.0
8772,22,3899.0
13592,25,18990.0
13835,38,7990.0
1605,34,1.0
17426,60,3119.0
3967,22,2190.0
3841,27,61910.0
7106,38,17050.0
5772,44,3990.0
7437,22,2899.0
17395,22,1699.0
13509,38,19905.0
16861,34,12740.0
15799,27,5175.0
310,27,64980.0
3635,29,3451.0
15506,5,2789.0
14329,34,3800.0
13588,26,2990.0
2405,22,5586.0
16738,52,1120.0
13503,44,19990.0
9289,41,890.0
8496,25,16990.0
855,38,10466.0
16589,60,2499.0
6176,27,8590.0
7467,34,5500.0
2684,34,4270.0
2082,44,15588.0
1346,41,790.0
1685,50,1590.0
4125,41,30.0
9626,38,3227.0
4108,34,7890.0
7161,34,3200.0
17179,41,5850.0
7792,34,4060.0
15252,38,6285.0
14870,52,302.0
15751,41,19990.0
9991,44,10010.0
15278,38,25512.0
5163,22,18352.0
3822,38,642.0
11668,22,2900.0
12678,38,542.0
10430,38,10600.0
2186,22,2499.0
928,34,12900.0
6069,38,9000.0
11402,57,57.0
2446,47,10590.0
1427,34,3390.0
15607,50,2763.0
14300,22,4890.0
11316,38,6160.0
1182,22,27920.0
15851,60,1632.0
13070,47,3652.0
7351,52,320.0
11653,22,5949.0
17041,38,62000.0
14559,41,9989.0
2166,60,671.0
12468,34,512.0
17002,41,11990.0
15071,4,10190.0
9453,22,4500.0
14179,34,4810.0
4475,2,34990.0
14744,41,280.0
985,34,4970.0
15840,60,1229.0
9755,34,1290.0
12746,41,16990.0
9255,34,3000.0
4895,60,1119.0
9903,34,2870.0
12431,60,711.0
6947,38,6850.0
10300,22,5015.0
2171,52,465.0
10816,34,4950.0
9735,34,9810.0
12724,34,4810.0
1190,47,990.0
7549,38,651.0
11025,29,2490.0
1541,38,12577.0
6162,34,4080.0
258,18,369.0
9095,36,68990.0
13909,38,7909.0
13240,22,2899.0
11224,50,2590.0
1923,34,142700.0
6583,13,3199.0
4187,22,650.0
3356,22,2799.0
16670,50,20780.0
4708,60,470.0
11016,34,3820.0
4843,57,2990.0
5378,22,6993.0
16474,52,507.0
5342,47,3950.0
4651,47,388.0
2136,26,8490.0
10089,57,1449.0
14438,34,5890.0
1405,34,1.0
5309,22,4199.0
9451,34,5730.0
1969,51,7376.0
10708,44,27770.0
12270,22,2249.0
12639,26,52726.0
1294,34,3930.0
3601,60,999.0
2234,50,3050.0
6100,22,1799.0
10783,11,92000.0
10103,34,12000.0
12384,38,12990.0
14261,34,2890.0
6538,26,22809.0
11131,34,4000.0
16867,22,2279.0
7866,50,562.5
12189,60,3440.0
5522,41,60.0
17328,27,65990.0
14586,38,71355.0
13850,38,3880.0
445,53,1350.0
9504,51,4990.0
15885,5,2705.0
4351,22,2190.0
6500,22,2490.0
3520,38,750.0
2898,4,21850.0
16273,34,8780.0
8751,38,250000.0
2674,13,990.0
1068,27,9890.0
9079,34,11684.0
9308,38,22990.0
9100,47,990.0
9225,27,61050.0
15288,47,4290.0
14829,34,2640.0
16950,4,13290.0
13993,38,11619.0
11285,41,990.0
11351,60,457.0
10916,34,15600.0
6073,22,8800.0
7798,38,3190.0
2980,38,33200.0
5981,38,5790.0
16565,34,1500.0
5325,38,47300.0
11236,34,3880.0
11375,60,842.0
687,34,6990.0
14612,22,1279.0
401,51,9690.0
17014,36,64990.0
6348,34,4690.0
1137,60,504.0
15812,60,662.0
15716,4,13990.0
15314,34,5740.0
10032,38,6990.0
12042,50,433.0
6360,60,583.0
9674,22,3499.0
13148,41,2390.0
8584,25,8990.0
7943,22,16250.0
2085,22,4999.0
2122,38,20150.0
16618,38,7150.0
671,38,7640.0
14245,50,110.0
5853,38,4490.0
14036,38,124000.0
13996,57,299.0
7324,34,1.0
11601,38,134500.0
16248,38,10670.0
6578,25,31990.0
15556,50,5226.0
14116,50,8790.0
3798,38,40406.0
986,34,31100.0
13984,34,4840.0
361,38,4070.0
10496,34,3830.0
10098,38,6550.0
10828,50,21080.0
6674,38,13490.0
9981,41,15490.0
8387,34,1790.0
9999,38,6150.0
16479,9,520.0
1109,60,1188.0
13222,60,1499.0
4144,22,599.0
12251,47,931.0
9908,34,5910.0
7071,22,3490.0
11655,22,1998.0
5689,22,4890.0
1360,22,2449.0
15064,47,857.0
5685,34,1000.0
11307,27,989.0
7836,22,1614.0
12976,29,3393.0
1885,26,3490.0
2367,34,3490.0
12028,22,4400.0
5896,22,5900.0
2567,22,3679.0
6603,22,11490.0
6984,22,1444.0
11219,38,3880.0
2617,38,13750.0
13907,27,73990.0
2117,38,3590.0
14415,26,1829.0
1317,41,20990.0
307,37,38000.0
285,22,7794.0
5397,44,14990.0
1419,16,8990.0
1641,50,635.0
5938,2,73500.0
7693,60,1119.0
1352,22,3690.0
9418,5,1400.0
10108,34,3880.0
15475,38,1690.0
5535,53,2500.0
17406,26,4590.0
5167,38,1950.0
10220,53,79560.0
10544,18,1999.0
8966,50,2990.0
7376,60,969.0
473,34,5510.0
3059,60,879.0
5099,22,1439.0
13278,60,768.0
11189,60,1872.0
10986,22,1999.0
6146,50,16000.0
8032,38,5405.0
5404,44,630.0
16702,60,619.0
15205,22,15800.0
9137,22,4500.0
12594,22,1499.0
15117,34,5265.0
6765,47,3290.0
15546,60,891.0
14739,27,3000.0
6779,57,319.0
10454,38,10550.0
1456,22,639.0
16348,34,4990.0
7812,34,19280.0
11826,34,6500.0
2268,22,1949.0
5972,38,7540.0
8379,13,1259.0
17181,37,7000.0
9861,60,671.0
13053,34,3560.0
1573,52,311.0
920,38,44850.0
2969,60,341.0
4209,52,959.0
620,16,233990.0
9816,51,6990.0
16491,34,1990.0
4640,27,43990.0
2444,60,671.0
7594,27,35000.0
3316,22,7759.0
5262,22,8799.0
16586,2,103500.0
14517,38,8100.0
6791,34,6000.0
10903,22,3640.0
6265,22,5399.0
14920,22,4886.0
7849,60,671.0
14456,60,372.0
8705,60,919.0
2368,38,5570.0
14598,29,549.0
9323,53,343000.0
9028,34,3840.0
5185,38,19160.0
8954,38,4310.0
13857,38,5250.0
2638,27,7980.0
12216,67,1200000.0
10537,60,1279.0
11087,25,10490.0
7271,53,8900.0
4299,13,1590.0
8917,53,4750.0
11319,60,1078.0
2918,60,889.0
5536,22,2999.0
7771,38,28800.0
6687,34,1.0
12794,22,3199.0
9384,41,5990.0
6581,38,4999.0
5112,38,33100.0
12868,27,3490.0
6216,34,3940.0
1828,4,16090.0
17295,47,2553.5
8892,27,3000.0
15455,27,31910.0
15725,26,9910.0
11048,34,13700.0
9887,34,585.0
6665,38,13200.0
3990,50,6438.0
6872,34,4450.0
3922,5,4040.0
14388,38,5230.0
15437,52,408.0
14542,38,9990.0
10902,25,1850.0
15632,57,65.0
8608,52,2499.0
14187,34,4910.0
2635,38,11800.0
12888,38,6550.0
1918,22,3990.0
13949,27,12300.0
5518,22,20855.0
419,22,3690.0
278,44,6000.0
14478,26,4590.0
15127,22,2999.0
13306,50,769.0
4518,60,1599.0
12570,60,359.0
3757,47,2390.0
11268,50,10090.0
11174,44,24889.0
1639,22,1790.0
9124,34,4500.0
3618,38,3050.0
2621,22,9499.0
7360,41,12084.0
13112,47,948.0
14393,34,3850.0
7243,22,3994.0
16466,22,2249.0
6842,34,7790.0
14899,34,1199.0
2297,38,6990.0
2900,34,6800.0
11670,29,1480.0
4120,53,85680.0
8945,50,3350.0
7137,47,1641.0
12024,34,6550.0
1447,2,29990.0
16205,22,3359.0
13829,9,520.0
2630,2,1200.0
6025,38,17000.0
8722,51,4290.0
8302,50,10140.0
4200,60,1599.0
7577,26,990.0
13604,22,251.0
3969,50,327.0
2811,34,3390.0
9546,34,15000.0
2919,60,1784.0
17376,34,3590.0
3426,25,1035.0
6898,60,3199.0
2298,22,930.0
3819,60,1099.0
3994,60,879.0
4262,34,1400.0
4320,50,19900.0
2357,47,1606.0
12003,2,41990.0
11230,34,10440.0
12781,34,7770.0
12227,38,5599.0
14807,50,1990.0
12406,38,27920.0
5559,22,7752.0
7362,52,704.0
4136,34,6800.0
2657,5,1850.0
4222,60,1649.0
4575,38,18675.0
5479,60,892.0
4137,50,8736.0
15367,38,6000.0
17103,27,8990.0
12601,34,3800.0
12241,34,4970.0
6358,50,38696.0
12361,22,19520.0
4261,29,6431.0
14390,13,32990.0
902,13,2139.0
11985,22,3420.0
780,34,9860.0
10068,22,3190.0
8701,4,8512.0
16963,34,16000.0
4854,27,4390.0
42,11,19200.0
15464,34,3500.0
13877,13,10990.0
16678,38,11400.0
10416,41,50.0
1531,38,22230.0
15136,50,5190.0
2864,22,2499.0
13007,9,1290.0
10849,37,28000.0
9459,22,3824.0
16874,34,8000.0
8454,18,899.0
17312,38,18290.0
7481,26,31031.0
10895,22,2899.0
8934,34,3795.0
13853,50,120.0
4888,22,4990.0
16622,34,4200.0
13956,22,1999.0
6638,5,1189.0
13363,5,620.0
6724,41,690.0
10824,34,29600.0
5583,57,377.0
1672,22,1790.0
4601,60,671.0
770,34,0.0
1286,27,6490.0
17134,22,6900.0
9473,34,3190.0
10626,46,3192.0
1430,4,13530.0
10391,34,5510.0
4915,46,498.0
10673,29,7490.0
7408,38,13870.0
1383,25,1600.0
1337,34,3970.0
2178,57,64.0
16406,34,510.0
8614,34,3910.0
7425,60,747.0
9517,38,4650.0
7822,38,12600.0
12111,11,23490.0
7147,60,1649.0
9532,26,3686.0
10954,34,1395.0
15258,41,2290.0
10243,34,3860.0
9722,50,8085.0
14037,41,56990.0
5091,16,6829.0
11509,11,20490.0
1439,38,14710.0
373,29,2392.0
7225,38,4200.0
3911,47,4598.0
10951,41,16990.0
11118,50,390.0
16155,34,7500.0
3022,50,4975.0
4563,37,5000.0
14949,34,3420.0
14027,34,33500.0
409,37,2850.0
13012,38,950.0
9458,22,2499.0
10935,11,25790.0
13402,44,1290.0
10719,60,918.0
16289,34,8890.0
4215,34,7000.0
11554,27,40100.0
5762,34,14820.0
16116,34,3530.0
11247,38,3486.0
11317,22,3349.0
17319,22,2499.0
261,38,999.0
1042,26,27990.0
14791,50,17240.0
8521,22,2990.0
2217,29,2000.0
2779,47,630.0
9118,34,6000.0
6535,22,2099.0
1329,27,5990.0
16150,22,3290.0
12002,47,1170.0
4112,60,569.0
9031,60,956.0
16859,22,11490.0
441,5,7490.0
17131,27,42800.0
2404,60,690.0
6271,27,22990.0
7725,22,6392.0
3170,41,4295.0
15645,60,1049.0
6387,22,3199.0
3227,27,4000.0
10923,26,12640.0
13908,41,14990.0
11299,11,16000.0
9720,34,3980.0
545,41,990.0
8661,51,5190.0
11037,41,21490.0
15489,57,103.0
16541,50,370.0
8761,47,4590.0
9364,41,790.0
9549,29,490.0
8853,41,2290.0
6367,34,1500.0
13251,41,1725.0
2176,41,4790.0
9548,16,4790.0
6296,22,5949.0
5564,22,2899.0
11666,22,7900.0
861,38,2399.0
9801,22,460.0
8256,22,2799.0
543,52,339.0
14207,38,2400.0
13494,29,1600.0
8341,38,12000.0
14324,22,1879.0
6434,22,1399.0
15641,34,4790.0
9299,34,4940.0
14416,41,800.0
17046,22,4599.0
16346,22,3199.0
16291,26,1299.0
163,50,609.0
8325,38,22000.0
10944,50,5800.0
14064,22,1399.0
14874,47,2190.0
11524,60,1287.0
7583,52,340.0
7160,50,450.0
1895,53,10400.0
4561,34,730.0
2325,11,8590.0
14763,34,2550.0
11492,60,311.0
16897,38,16800.0
5289,22,1709.0
1133,60,1026.0
6871,60,1549.0
567,27,51990.0
13339,4,4690.0
1353,18,5399.0
6840,34,7800.0
10633,60,3199.0
6426,2,1200.0
4869,34,9580.0
9475,4,13390.0
243,4,9137.0
10040,29,790.0
16431,34,4940.0
2128,38,135000.0
8084,22,1799.0
10258,22,1359.0
6632,38,19803.0
10773,52,329.0
6662,34,67000.0
10198,38,2599.0
9951,22,3299.0
7414,38,7900.0
3123,51,7360.0
5574,5,7760.0
11327,37,5600.0
4218,38,10490.0
1864,34,1500.0
6413,34,3860.0
2324,41,7990.0
6400,34,9200.0
6130,34,7500.0
2139,50,5243.0
7928,5,450.0
13675,50,63439.0
7103,60,879.0
5300,41,26990.0
3658,22,1099.0
12475,67,630000.0
15971,34,5005.0
3554,22,6490.0
17244,60,2250.0
4882,53,2670.0
10458,34,890.0
9446,34,6500.0
13556,60,690.0
8323,22,1062.0
11995,60,3212.0
13198,52,330.0
10434,34,3490.0
12340,38,18808.0
5017,38,1629.0
4804,22,2039.0
10674,50,1900.0
3084,50,1190.0
1987,60,1599.0
14129,47,1561.0
11185,50,9490.0
10522,38,46376.0
16148,29,1545.0
15834,37,28000.0
12671,47,4090.0
13448,38,13220.0
15375,60,599.0
1053,34,1.0
3408,9,1559.0
16713,41,6490.0
8696,41,17990.0
10618,44,76990.0
9838,38,5100.0
10691,34,4940.0
15156,34,8275.0
6924,4,10000.0
1698,5,42278.0
16487,57,2999.0
14696,22,6290.0
9579,53,2850.0
8968,27,5940.0
8354,34,1786.0
14701,41,13990.0
4282,38,1666.0
9051,34,16910.0
9862,60,1399.0
4609,38,1000.0
8418,41,46990.0
3239,60,3039.0
1564,34,7840.0
16043,44,8990.0
12010,52,370.0
9790,50,5940.0
12714,27,20490.0
3188,22,4279.0
14781,38,12250.0
5423,34,3940.0
12572,22,5190.0
3592,22,3499.0
3907,34,1290.0
14693,27,12500.0
7285,34,9810.0
7045,52,323.0
14782,27,6990.0
10213,60,484.0
10253,22,463.0
12506,57,623.0
8189,41,6490.0
9667,22,2300.0
4386,27,37700.0
11763,5,2628.0
16631,22,2209.0
11481,22,2899.0
12637,60,616.0
5824,47,718.0
1899,22,18352.0
2966,38,13490.0
7040,38,4130.0
17045,47,792.0
9211,38,20840.0
15479,34,8830.0
4545,50,5690.0
11058,47,1350.0
12825,41,17500.0
7818,34,12710.0
6205,25,1600.0
5044,29,12869.0
2116,22,170.0
7649,22,2114.0
14023,37,35000.0
4954,50,90000.0
2791,5,6950.0
2056,27,54490.0
3504,34,5960.0
13303,11,4790.0
9934,38,11800.0
15660,34,0.0
15365,34,1800.0
12374,38,8900.0
15453,57,149.0
12303,60,307.0
1028,27,3290.0
1638,34,27500.0
729,38,69000.0
15753,29,2609.0
16853,34,1326.0
14733,44,17990.0
16679,52,321.0
6099,60,2749.0
4918,38,2700.0
6964,22,2249.0
15483,41,5500.0
7125,13,14990.0
16465,38,21460.0
3921,22,2490.0
15538,22,2199.0
2266,60,1679.0
11183,60,1399.0
11530,34,3880.0
15661,22,3490.0
5454,60,539.0
1886,11,24000.0
14623,60,346.0
8224,38,10210.0
825,34,3950.0
2433,34,3590.0
8589,38,5139.0
893,13,890.0
9466,9,349.0
1754,25,18999.0
9774,52,1734.0
5422,22,2799.0
9778,3,152.0
5141,9,6990.0
9912,34,3030.0
6293,2,14490.0
11943,50,5790.0
15616,26,32499.0
12009,60,2399.0
5155,29,4151.0
7055,47,7890.0
15650,50,4132.5
1050,60,2081.0
10615,47,480.0
16569,47,4690.0
812,27,8800.0
7564,38,84990.0
7367,60,999.0
5759,41,1490.0
16352,41,8922.0
17099,60,2806.0
2569,34,1870.0
8448,27,23999.0
5094,38,35000.0
4622,41,1275.0
5855,38,7690.0
7620,22,3399.0
5947,9,1290.0
11838,22,2199.0
14490,34,29350.0
8510,60,2199.0
11494,38,14100.0
14396,22,2319.0
1267,34,3810.0
3832,22,300.0
5740,38,14250.0
7319,22,5990.0
4999,60,4321.0
3516,34,2490.0
13549,38,3350.0
5969,41,61990.0
8064,22,2800.0
17452,4,11342.0
5474,34,790.0
2628,38,1690.0
11360,22,2899.0
15181,22,1299.0
16351,5,6950.0
9279,34,1.0
8606,41,6200.0
15162,41,16300.0
9682,60,363.0
8676,38,117500.0
7907,22,6990.0
15912,60,487.0
500,34,312.0
13597,44,2990.0
16039,29,2350.0
8656,34,590.0
377,38,34990.0
17470,9,2449.0
16961,22,3869.0
16900,60,1699.0
11508,27,1612.0
16696,22,14880.0
9710,22,4490.0
14929,25,35990.0
13693,27,3000.0
6701,25,10990.0
16028,25,43490.0
7706,34,12890.0
15405,25,45690.0
14406,38,5550.0
4273,38,13900.0
11583,22,1839.0
15343,29,4839.0
1642,2,21990.0
3860,41,14990.0
3872,34,4420.0
4047,34,9500.0
17108,29,2250.0
14619,53,62985.0
11940,27,4400.0
11082,38,5900.0
12126,38,2830.0
17271,9,520.0
6912,47,825.0
13319,41,15990.0
1711,22,1699.0
13004,34,216800.0
9129,4,14270.0
10698,34,1390.0
943,34,6500.0
8830,26,14000.0
11433,53,13800.0
6294,38,4490.0
11363,34,3950.0
1293,22,4399.0
2768,22,20019.0
3934,34,4820.0
13700,11,8000.0
2667,41,650.0
4838,16,5929.0
11263,34,4960.0
6393,47,55000.0
10721,38,12020.0
6270,34,3920.0
17076,34,1590.0
3745,34,8760.0
2129,9,1690.0
14601,47,1460.0
8773,38,5130.0
5140,34,500.0
13027,44,19779.0
2369,52,1011.0
14716,25,14490.0
12063,38,7640.0
15672,34,8500.0
9900,47,1788.0
1076,11,2190.0
4739,29,2050.0
7960,34,4880.0
2537,41,69990.0
139,25,7390.0
2250,41,8990.0
16107,34,445.0
12573,38,14800.0
5165,27,12650.0
14489,34,1190.0
4971,26,1570.0
1402,60,536.0
2557,34,6790.0
17089,52,315.0
6774,22,3490.0
3889,34,2928.0
6195,34,3450.0
4879,50,1290.0
16812,38,6159.0
15168,22,10490.0
16247,50,12800.0
16581,5,5240.0
323,34,6490.0
3923,38,6840.0
3216,60,629.0
7833,60,1717.0
4774,60,398.0
13632,44,43990.0
5485,38,9990.0
12843,44,4490.0
17275,47,900.0
119,34,2735.0
5799,53,24000.0
16412,29,1200.0
3546,26,1190.0
6207,34,9860.0
16080,60,2319.0
2091,37,25000.0
3392,34,3390.0
9331,47,1407.0
16038,38,19490.0
12198,22,4543.0
819,60,1599.0
17066,52,372.0
5432,22,2199.0
479,5,2150.0
12166,38,6000.0
15262,34,5231.0
15777,38,8880.0
4399,5,332.0
12076,41,67990.0
15596,34,6790.0
2143,47,45000.0
8999,50,3078.0
14204,41,189.0
6177,5,189.0
7842,27,55490.0
403,34,2790.0
10492,34,4560.0
4390,60,1027.0
101,38,8295.0
15050,22,4099.0
16550,60,3999.0
1044,47,6390.0
11968,34,5540.0
13579,22,3990.0
4600,11,10572.0
13958,9,880.0
4489,34,5390.0
16437,38,8350.0
4002,5,5530.0
9084,38,41511.0
11599,22,1790.0
2508,52,416.0
2159,60,1349.0
407,22,1359.0
8757,41,9990.0
5066,60,690.0
9246,41,810.0
7062,27,9520.0
4505,27,4500.0
5532,34,3960.0
14995,57,160.0
8591,11,22100.0
8075,34,1750.0
7385,41,6490.0
3813,34,3480.0
9580,5,8950.0
6818,52,419.0
9516,38,7880.0
12521,29,105.0
6468,38,3190.0
2910,2,27990.0
6639,27,21290.0
11170,34,250.0
10506,60,882.0
430,50,488.0
7705,27,1700.0
13220,47,2790.0
2208,27,28379.0
4902,41,8900.0
2431,22,990.0
8906,50,4975.0
7398,34,7990.0
25,34,6640.0
5429,60,463.0
14498,9,880.0
13492,38,3600.0
8732,60,743.0
2005,52,520.0
10660,57,273.0
732,22,7352.0
12298,38,6800.0
15408,22,1790.0
11597,34,6880.0
8721,41,11990.0
12522,22,2249.0
15075,22,1899.0
4817,34,7000.0
11117,34,3970.0
10623,27,73490.0
14199,22,13400.0
5926,38,4683.0
17372,51,4290.0
15062,41,14490.0
16577,34,5410.0
3416,57,126.0
7016,22,6690.0
1977,38,11990.0
7959,50,8642.0
3956,34,1190.0
7387,38,42000.0
5100,60,1737.0
9297,34,4830.0
8843,34,4000.0
483,67,825000.0
9362,34,12000.0
5789,50,6980.0
9686,34,7780.0
1008,41,17990.0
13976,5,2259.0
7442,38,15900.0
16531,41,990.0
12533,51,5990.0
2259,50,3590.0
71,47,1698.0
4322,9,1790.0
6323,34,3900.0
2551,34,4000.0
4513,22,3919.0
13231,60,1111.0
2774,38,94000.0
8988,34,12966.0
4986,27,5690.0
11196,2,82400.0
6856,41,30.0
1898,34,9790.0
10700,38,3090.0
7339,22,2999.0
6709,4,7240.0
15411,60,690.0
5326,41,7990.0
15354,22,4799.0
7080,50,7137.0
5761,50,110.0
665,26,597.0
1514,11,8990.0
3355,57,389.0
4295,9,350.0
15952,22,10029.0
6653,13,22990.0
7417,38,21460.0
3477,27,1499.0
14183,34,22350.0
4741,41,15990.0
10182,22,9800.0
11671,5,10150.0
5337,34,29350.0
3404,22,3199.0
7703,26,5740.0
5912,22,6999.0
14229,37,85000.0
11470,46,1289.0
16574,47,11690.0
1065,34,4990.0
5592,50,4790.0
2410,27,39850.0
15227,50,27100.0
3549,3,36.0
2687,11,13300.0
14993,38,9950.0
14152,41,690.0
5923,38,7990.0
13025,60,1399.0
4935,50,1534.0
5962,27,38400.0
1416,22,2699.0
4365,60,1381.0
9041,60,2149.0
15594,4,10990.0
5387,11,9530.0
4279,38,3580.0
13392,34,5870.0
12677,60,2900.0
16420,25,6539.0
13255,9,360.0
4742,50,3000.0
11731,5,2800.0
5925,60,509.0
6775,22,1990.0
12896,60,1267.0
7356,4,12860.0
15914,29,6920.0
2570,34,60600.0
11007,34,3390.0
14486,50,1890.0
5350,41,3490.0
4311,29,2279.0
5197,22,4200.0
9704,5,1530.0
12135,34,5800.0
9510,16,24990.0
15211,50,4900.0
316,60,892.0
14657,47,249.0
5893,34,590.0
5127,22,889.0
9224,22,10990.0
8307,41,7800.0
5570,60,2499.0
15820,38,11070.0
3559,29,2239.0
5910,34,6000.0
13408,60,1444.0
13226,38,1661.0
12443,11,10890.0
2012,38,32950.0
14967,22,18290.0
10227,38,1800.0
6184,34,12850.0
960,4,14910.0
11879,50,1866.0
8667,34,5850.0
16270,47,2549.0
9431,22,2899.0
12455,50,331.0
13696,27,17700.0
2923,38,699.0
3092,50,1806.0
10627,38,12160.0
11333,11,39900.0
13862,41,990.0
11674,50,6990.0
8385,34,11500.0
16806,22,2800.0
4037,60,698.0
7262,60,849.0
2954,47,2590.0
5191,47,729.0
11511,50,20770.0
15979,38,4750.0
15341,34,4190.0
16305,22,3199.0
3369,41,3050.0
13018,41,26990.0
5706,22,1919.0
5118,22,2299.0
1103,22,2079.0
9043,22,1519.0
13563,52,350.0
15254,38,9970.0
9310,50,127.0
10574,22,1899.0
1010,34,16100.0
10771,60,1120.0
3407,34,3900.0
11435,38,5400.0
4947,52,827.0
3292,25,12990.0
131,9,590.0
9795,16,169990.0
16237,29,5189.0
3925,3,57.0
1765,34,6870.0
3564,26,4990.0
3323,38,1317.0
7845,26,18690.0
3974,41,12990.0
7744,47,690.0
1540,22,1499.0
13049,22,24858.0
10147,34,890.0
11273,34,5450.0
4003,38,7110.0
351,22,2549.0
9212,27,75900.0
6013,27,45000.0
9069,60,1270.0
3571,38,18490.0
13373,44,23870.0
4853,9,3400.0
17109,50,38890.0
4840,34,4860.0
4652,29,14829.0
892,41,2690.0
8253,41,39990.0
6246,47,3590.0
2836,34,690.0
5632,25,9990.0
2104,11,27870.0
4116,5,2410.0
4207,5,3240.0
997,50,1586.0
8482,34,6800.0
1409,60,1039.0
1472,38,100000.0
16782,41,190.0
11403,22,12999.0
15325,38,23980.0
3913,27,5990.0
178,29,8569.0
5888,38,28330.0
10643,38,4950.0
9708,27,39990.0
8868,22,1759.0
7773,34,1728.0
16694,34,4700.0
15589,11,6830.0
17516,34,4430.0
5463,22,370.0
10861,60,699.0
4851,47,2290.0
532,34,9248.0
2274,41,14990.0
7575,34,4190.0
9134,13,12990.0
14284,9,520.0
1325,57,97.0
6519,22,9653.0
7998,60,999.0
3127,22,2000.0
4415,34,250.0
1985,50,4101.0
2170,34,3990.0
12220,60,619.0
12517,34,64520.0
4537,13,14990.0
15283,38,15700.0
14430,34,3500.0
7711,38,2131.0
12602,22,4149.0
4936,25,22990.0
4647,27,39999.0
1705,34,5710.0
12647,41,4490.0
10677,5,29990.0
5918,22,3512.0
2377,38,8400.0
12211,34,4000.0
505,60,1399.0
16469,11,21590.0
4317,38,7387.0
9557,11,5700.0
13496,41,23990.0
1803,57,31.0
8456,41,2590.0
5615,22,2800.0
12453,38,7700.0
8444,34,4790.0
16638,41,160.0
3991,34,7000.0
13427,60,4399.0
7201,29,1970.0
10575,34,3970.0
14222,38,15600.0
2648,50,10990.0
6422,34,41300.0
17301,34,3980.0
3815,26,6429.0
2513,11,9290.0
13530,11,15800.0
4620,22,1699.0
1890,34,52960.0
8389,22,1499.0
277,41,590.0
10292,41,14990.0
13079,5,397.0
9182,5,849.0
17029,34,180000.0
5891,18,999.0
15862,38,12679.0
7886,22,1599.0
6895,38,4990.0
7986,60,2599.0
6948,47,913.0
9064,47,1942.0
2485,34,5990.0
10001,60,722.0
1054,22,2600.0
17190,22,1690.0
9606,34,0.0
4648,50,279.5
5872,22,3998.0
2544,11,18900.0
8744,60,502.0
7209,22,2249.0
4760,27,25599.0
12252,34,0.0
718,44,935.0
15691,4,11490.0
4889,4,25690.0
5369,38,10400.0
786,34,7910.0
2905,22,2249.0
3215,38,1144.0
13749,34,1990.0
12720,38,8000.0
5010,29,14490.0
10807,22,3199.0
1854,22,2699.0
7920,38,4460.0
5838,34,15600.0
4932,52,409.0
12268,50,225.0
8047,50,155.0
11688,29,2390.0
6834,47,14690.0
12218,2,138990.0
17511,41,2290.0
9397,41,3190.0
9422,60,2499.0
941,38,990.0
2462,34,1890.0
731,25,2100.0
3116,60,1799.0
15742,22,9349.0
15491,34,6830.0
1465,34,3390.0
10968,60,4799.0
15988,38,5100.0
4669,50,7900.0
7523,37,50000.0
17140,34,4420.0
7264,27,22990.0
43,9,1290.0
9622,22,1879.0
1443,47,4190.0
13202,34,3530.0
11892,27,2899.0
5277,34,3820.0
5728,44,19990.0
13512,50,1064.0
12672,34,1.0
9500,38,24936.0
13359,57,990.0
1253,34,4000.0
6407,29,2690.0
2574,38,5390.0
2141,26,5722.0
6160,38,620.0
6030,29,988.0
10070,38,20298.0
4356,34,4890.0
13535,5,860.0
5419,5,16790.0
11529,13,1999.0
3449,22,1099.0
14645,34,3390.0
6231,38,9000.0
10829,47,3890.0
6172,22,3900.0
15548,34,8500.0
17245,29,330.0
9822,60,468.0
2403,37,25000.0
5442,34,22990.0
9191,57,89.0
16660,60,1124.0
9918,50,5500.0
3075,47,913.0
13480,50,403.0
1127,22,3690.0
15690,22,2790.0
2696,22,5949.0
9812,60,799.0
1055,60,719.0
5014,38,79000.0
801,22,7290.0
7944,22,3900.0
3038,34,8980.0
9840,34,3990.0
7797,25,25990.0
11801,11,3790.0
7447,50,155.0
12477,27,34990.0
10341,50,6448.0
2111,22,3190.0
4830,60,1919.0
6424,27,8380.0
14203,34,4410.0
13821,22,2300.0
11209,22,8393.0
9303,38,5900.0
319,38,7820.0
8524,44,10990.0
1771,47,790.0
234,41,24990.0
2119,22,1199.0
14263,22,7899.0
6060,22,399.0
14831,38,490.0
5295,27,1000.0
2738,50,5240.0
7184,53,245000.0
5439,27,45350.0
4086,27,1175.0
1221,4,5900.0
5089,2,210990.0
11932,22,1099.0
3952,41,26000.0
9538,60,6736.0
13793,34,3820.0
11271,36,104990.0
8101,37,20000.0
2482,34,5520.0
5809,38,13660.0
10272,38,6800.0
4366,38,7700.0
5844,22,2199.0
15712,52,375.0
11711,22,1899.0
10154,50,4090.0
10009,50,2590.0
15358,9,780.0
7041,4,15503.0
17001,22,2150.0
3758,34,3540.0
11845,38,16990.0
5490,50,1355.0
9515,22,1949.0
17460,34,4540.0
9337,60,1119.0
11850,50,147853.0
12318,34,10000.0
15118,47,3090.0
759,22,3493.0
16810,34,6730.0
12097,34,1952.0
4822,53,269344.0
8927,50,24149.0
3213,41,1920.0
5366,38,19490.0
13090,60,1179.0
14806,60,713.0
8349,38,13420.0
17082,22,4600.0
14461,41,54990.0
14953,53,7300.0
3351,34,1490.0
14822,41,4500.0
11367,29,1200.0
10815,22,12790.0
5265,60,1439.0
7113,37,10000.0
6472,29,1253.0
13646,41,14097.0
12531,44,7490.0
1386,50,22440.0
5784,60,4479.0
15328,38,18200.0
13699,60,619.0
3681,50,1922.0
5733,50,12600.0
7474,29,3605.0
15823,34,2590.0
2296,22,2190.0
12582,50,2580.0
3591,22,5949.0
4011,25,21990.0
8949,11,43990.0
14784,27,71060.0
8380,18,799.0
14358,22,7992.0
12020,26,4490.0
2054,27,18990.0
12661,26,46990.0
14914,38,25000.0
6390,36,124990.0
5083,5,1590.0
1844,25,2400.0
12253,60,463.0
8891,34,3950.0
14006,16,499.0
11532,44,7990.0
13497,38,6870.0
1579,26,16999.0
16251,60,420.0
12620,9,2090.0
10019,60,339.0
5431,22,4499.0
7516,38,20000.0
8106,46,1377.0
13360,34,1300.0
6289,11,8590.0
9764,22,2499.0
9513,22,2319.0
1637,50,279.5
3487,41,3700.0
7343,27,5980.0
11619,22,7600.0
14734,4,11790.0
14913,25,5990.0
11684,44,16470.0
8959,9,360.0
4323,29,690.0
5436,11,3220.0
10699,67,415000.0
957,11,21118.0
3712,26,16500.0
16398,22,2799.0
5683,50,6919.0
9450,11,8390.0
10261,60,839.0
5184,41,690.0
14121,38,17590.0
6024,34,18480.0
17016,47,9909.0
9787,52,525.0
1013,52,545.0
13129,22,5999.0
792,41,9899.0
6830,26,2290.0
5202,60,1099.0
7919,41,8990.0
10164,34,3860.0
16787,22,632.0
1986,51,6447.0
14624,51,2990.0
7302,34,2050.0
2451,34,6200.0
11381,47,890.0
14977,34,1953.0
2578,34,3820.0
12920,38,743.0
8080,34,7400.0
11984,22,1879.0
4406,51,3920.0
9623,4,16760.0
15903,47,865.0
12156,60,4199.0
3375,60,4239.0
12188,26,59900.0
6156,22,1699.0
14950,47,913.0
12692,41,27990.0
3473,27,2990.0
8400,27,1350.0
16484,29,1488.0
745,34,3850.0
17234,5,7390.0
8495,26,37990.0
3074,34,1490.0
12476,34,3820.0
16844,4,10690.0
4571,22,695.0
17173,57,499.0
15949,50,40004.0
10961,38,17670.0
4337,60,999.0
14466,38,8990.0
13720,60,3439.0
3871,60,1649.0
13681,41,8490.0
1932,22,4799.0
15537,57,104.0
2495,27,11490.0
14961,38,9990.0
12773,9,2990.0
11085,60,4239.0
6968,60,1299.0
2227,34,4400.0
14596,29,1859.0
6209,9,590.0
1151,29,355.0
16282,38,9320.0
5082,38,8990.0
11552,41,39290.0
3090,34,4910.0
2148,38,3650.0
4243,50,5910.0
15984,22,3649.0
763,53,67100.0
16940,22,4392.0
6352,26,6589.0
2601,34,11750.0
12800,34,2903.0
4973,27,6500.0
17477,22,20855.0
11862,60,1359.0
17283,38,9600.0
748,53,92000.0
6490,60,2664.0
16544,22,5999.0
14705,60,2649.0
12,60,1449.0
13928,50,9472.0
965,18,1000.0
13157,34,2090.0
10113,60,439.0
17320,26,2290.0
5998,22,5354.0
14502,34,4930.0
5056,50,9950.0
2131,60,547.0
13966,60,3299.0
4265,34,15600.0
16271,38,6900.0
4471,38,35000.0
16547,27,2490.0
12666,38,3632.0
2468,34,2640.0
17168,2,39990.0
16516,5,1930.0
6302,22,11490.0
7707,27,9950.0
17421,41,3690.0
15123,34,3940.0
2354,60,849.0
15137,11,590000.0
14593,38,8723.0
5507,5,2632.0
11633,41,8490.0
5284,38,30000.0
823,60,1826.0
17058,27,82990.0
7495,60,3120.0
11335,60,6842.0
3688,22,1919.0
1901,41,12999.0
11803,34,2450.0
9024,27,4000.0
6940,41,2990.0
14915,60,799.0
15684,50,5990.0
604,60,5199.0
346,38,6400.0
8989,16,49990.0
4977,38,59000.0
3362,22,3599.0
14713,60,408.0
12141,22,1399.0
12140,11,22990.0
5591,38,17800.0
13709,51,5041.0
7359,47,799.0
8340,3,171.0
9978,41,53990.0
6656,60,1249.0
8213,60,2425.0
3165,38,620.0
1843,5,2430.0
17420,11,65000.0
9435,34,7090.0
1035,46,216.0
13977,34,5820.0
2235,4,5830.0
8570,29,1890.0
10800,44,15189.0
5720,47,345.0
14677,22,1759.0
1829,22,1490.0
1467,50,352.0
8538,60,2879.0
1469,60,815.0
13422,22,4690.0
11193,50,915.0
16760,4,6830.0
8590,22,3290.0
14412,41,14990.0
9494,13,3039.0
17195,60,999.0
7529,11,41940.0
11797,38,8429.0
7299,34,12780.0
1263,34,102900.0
17369,41,4150.0
840,44,1290.0
1300,29,700.0
13558,47,1477.0
3521,34,165000.0
12027,41,4490.0
5505,52,648.0
7931,26,2237.0
4487,44,5990.0
12006,4,17290.0
9227,34,9790.0
12820,34,1.0
10051,50,498.0
5229,60,879.0
3396,34,4100.0
15155,34,4400.0
1005,34,3290.0
2985,26,59990.0
17231,52,810.0
6007,50,798.0
2233,34,1590.0
9272,38,50802.0
8118,38,27600.0
10320,60,4199.0
3478,27,2850.0
2180,52,552.0
10055,27,3500.0
1729,34,1000.0
15072,22,6690.0
4245,34,5000.0
1751,38,9515.0
13659,4,9920.0
6219,60,585.0
16344,26,18990.0
2781,16,8790.0
14773,34,1.0
1228,44,154400.0
12674,34,5000.0
7112,22,8299.0
11094,60,1599.0
6040,37,25000.0
6489,60,829.0
2389,60,1053.0
2162,38,4990.0
230,13,1490.0
8863,27,36970.0
5849,9,1890.0
435,22,2449.0
1381,34,72000.0
8543,29,24898.0
9700,27,8190.0
12255,41,11800.0
10683,22,680.0
15928,38,2600.0
6191,34,1.0
2861,38,10210.0
5468,52,1174.0
3569,52,448.0
14479,34,4840.0
6202,22,1599.0
9005,2,69990.0
2155,5,1802.0
7485,41,19990.0
7815,41,2950.0
3706,47,880.0
14106,22,2490.0
12231,22,1759.0
12793,27,3490.0
6642,41,2990.0
5589,38,23990.0
9190,38,2239.0
1924,22,4749.0
2934,60,1248.0
3364,60,408.0
15414,50,8900.0
2958,38,2290.0
443,27,25290.0
6473,9,1990.0
6733,11,3290.0
6433,27,3900.0
3472,22,1274.0
8536,34,4250.0
7249,60,577.0
12768,9,1063.0
13929,38,2101.0
5205,22,1350.0
6713,57,184.0
4623,22,9902.0
13351,60,383.0
8795,41,5990.0
13603,47,3299.0
4944,11,5990.0
4109,34,2500.0
352,27,57400.0
12619,25,35890.0
17176,38,4150.0
16509,22,22522.0
9269,22,7000.0
8703,11,18790.0
12907,60,1099.0
11748,38,6300.0
9133,41,49990.0
1034,22,1759.0
16871,29,1050.0
14155,38,95000.0
9537,50,499.0
14826,44,12178.0
8981,60,1599.0
236,34,12000.0
16386,25,14490.0
8162,50,6390.0
4316,34,2250.0
12719,38,2700.0
4347,26,5299.0
16642,60,879.0
5954,50,244.0
12369,22,4799.0
6052,22,3800.0
12495,26,5887.0
9170,34,9495.0
7172,34,4590.0
10343,38,4600.0
8176,38,9200.0
12784,25,2990.0
11521,25,12010.0
7217,38,8207.0
12387,60,1195.0
8388,27,4390.0
6570,52,402.0
782,50,2195.0
2090,22,1799.0
14109,50,1950.0
635,34,3980.0
12890,22,3099.0
4067,47,7390.0
11566,34,9000.0
16885,22,889.0
9307,41,690.0
11678,50,107559.0
15643,60,3119.0
11950,50,14040.0
14654,4,21180.0
11922,27,17690.0
1393,34,8500.0
279,22,4500.0
10388,60,1161.0
11988,60,899.0
9282,38,16000.0
10401,34,890.0
4007,34,1250.0
13083,22,20019.0
7525,9,2499.0
5129,38,3990.0
8861,60,933.0
2644,34,7800.0
5075,34,4870.0
17232,4,11890.0
9983,60,3349.0
8434,50,19800.0
4038,38,7590.0
7434,27,32400.0
12673,22,2849.0
1811,60,1099.0
9765,34,3960.0
1774,22,6293.0
17111,9,980.0
8644,11,26900.0
1350,26,6990.0
2787,11,29900.0
15289,44,4500.0
4649,60,2099.0
3986,34,0.0
815,38,2400.0
9393,60,2249.0
3064,22,3770.0
15119,38,8295.0
5472,60,738.0
11593,34,6000.0
9202,27,65490.0
7436,22,3190.0
12116,60,819.0
7496,37,12000.0
12498,22,999.0
15481,38,7425.0
5357,22,2299.0
17490,34,1950.0
4702,26,1504.0
1130,60,1149.0
151,41,27990.0
15863,16,2990.0
15910,50,5690.0
7422,60,747.0
15272,27,22190.0
14814,53,10000.0
1696,38,1790.0
13570,26,31632.0
16125,51,3488.0
7852,22,5999.0
13349,38,2390.0
10155,41,20900.0
3842,38,4200.0
6144,60,1279.0
16852,60,1099.0
17148,34,3910.0
14847,26,5890.0
11425,22,1949.0
11278,50,2664.0
3148,60,5399.0
13340,38,5400.0
11176,13,16490.0
16530,60,2799.0
8531,34,1115.0
1083,27,7700.0
247,36,25400.0
981,26,47648.0
6881,16,136455.0
8238,60,1359.0
4570,38,27990.0
15892,34,350.0
8320,60,609.0
15112,5,19990.0
3464,29,790.0
15446,11,3060.0
982,22,5359.0
17194,67,1150000.0
5997,60,1099.0
12551,34,1241.0
14625,22,2999.0
12967,52,554.0
11548,60,1093.0
4219,34,5218.0
6945,22,3600.0
891,53,58000.0
143,38,9000.0
2577,5,550.0
1481,27,12250.0
8158,11,19200.0
1303,47,1198.0
1105,38,3450.0
8530,34,6850.0
8972,47,678.0
1612,60,3759.0
6043,60,1233.0
7661,53,18014.0
12449,34,12890.0
15957,60,6842.0
10061,29,8990.0
11486,22,8394.0
11300,53,8100.0
11616,26,10990.0
12152,34,24000.0
695,38,740.0
15824,60,749.0
14858,47,5390.0
2314,16,31990.0
5701,60,519.0
3233,50,478.0
1916,9,439.0
1709,22,3290.0
14422,34,6500.0
6368,22,479.0
7748,41,11990.0
3881,34,9000.0
13525,29,3554.0
16243,34,20864.0
6279,67,500000.0
11705,27,7740.0
11066,60,2010.0
2939,52,377.0
16432,34,7500.0
15997,16,34890.0
10448,34,32100.0
7093,4,14290.0
10110,41,16490.0
12182,27,2999.0
4865,11,10000.0
17491,11,17000.0
7056,5,7000.0
10893,50,240.0
13948,22,2690.0
6250,50,549.0
16512,57,99.0
8626,22,8899.0
15110,41,590.0
15559,38,19990.0
8260,22,2749.0
16033,34,6000.0
1816,38,3550.0
2123,46,1629.0
6752,37,35000.0
11190,27,490.0
4577,4,47025.0
4997,34,3600.0
5845,22,3290.0
8014,26,4990.0
1963,22,2190.0
6726,34,3890.0
580,22,5690.0
3065,60,764.0
14513,44,18950.0
7145,11,34000.0
10218,41,390.0
7591,22,1699.0
6493,4,11500.0
16876,26,10790.0
17308,34,480.0
3597,22,3144.0
449,29,2999.0
4280,9,360.0
8138,38,2050.0
10170,22,869.0
14428,34,1850.0
417,38,6990.0
8035,27,32990.0
4523,60,839.0
15016,41,53990.0
2343,44,23990.0
16515,4,22110.0
8008,44,6348.0
3299,60,1679.0
3578,41,3079.0
14863,60,1390.0
3484,47,39500.0
1799,50,7626.0
10999,9,2490.0
7856,38,77600.0
14865,27,1790.0
10503,38,65000.0
15977,50,3065.0
15312,34,9943.0
2496,34,5870.0
10872,41,5000.0
6780,38,35000.0
5169,25,50990.0
6841,22,4500.0
15338,60,1999.0
13013,34,12600.0
2457,22,2949.0
5822,11,15900.0
3197,16,12990.0
12047,34,4510.0
7326,25,33990.0
12444,34,1.0
1630,25,2750.0
527,60,1949.0
1792,38,3850.0
4886,16,39990.0
8324,53,32900.0
5770,60,4799.0
29,22,4949.0
12205,26,21889.0
8497,38,16000.0
16979,50,655.0
11676,57,1390.0
12646,34,0.0
11491,34,3940.0
8319,38,6750.0
8477,41,3490.0
10383,60,1439.0
16752,34,3520.0
1510,60,339.0
4494,60,879.0
3759,13,1490.0
6055,47,1200.0
12722,60,999.0
6281,60,2449.0
15552,22,4990.0
1203,34,2065.0
2303,60,1919.0
5481,50,970875.0
980,52,329.0
16036,22,4399.0
7915,60,810.0
6477,47,1168.0
16625,22,3480.0
10165,22,2124.0
11805,57,33.0
13854,34,2625.0
647,5,6310.0
12016,2,29990.0
12831,22,12990.0
5660,38,6990.0
5973,60,778.0
11248,41,11490.0
9817,5,834.0
5863,27,3490.0
3207,22,2930.0
999,36,58990.0
9917,44,119990.0
3702,22,11490.0
6287,50,4779.0
11815,38,7250.0
16788,22,990.0
3383,34,8500.0
1049,34,1975.0
5426,27,1990.0
15374,34,13990.0
9993,60,2949.0
16795,41,35990.0
12093,22,4799.0
669,22,7990.0
5544,4,5340.0
1037,9,1990.0
6211,9,1399.0
16739,38,2050.0
16908,46,373.0
11349,34,5941.0
16980,22,6690.0
6629,22,1879.0
7923,41,1890.0
17302,25,2590.0
645,41,1050.0
1785,50,244.0
8458,38,1790.0
15015,60,1399.0
7587,22,3800.0
4756,38,3150.0
13105,60,954.0
15950,34,4880.0
955,22,3490.0
10943,50,1145.0
432,38,20300.0
1278,38,1201.0
7152,34,4900.0
10751,50,110.0
12978,60,3346.0
16781,25,30490.0
16664,57,147.0
4483,27,18450.0
1302,26,5100.0
9527,51,6987.0
15048,34,32000.0
3020,50,340.0
9048,22,959.0
11463,47,2750.0
1032,41,1300.0
6103,38,13990.0
16138,22,1799.0
15587,34,1398.0
13245,34,3480.0
124,4,19820.0
1824,34,960.0
13576,11,10900.0
9144,22,2319.0
16528,22,5359.0
1298,34,40700.0
3850,34,9770.0
1997,34,16990.0
5876,47,2888.0
5028,34,17730.0
169,50,2090.0
12779,53,107550.0
14151,13,1790.0
10827,38,24400.0
1370,22,2999.0
3400,26,1130.0
9281,37,50000.0
11623,22,4634.0
4543,38,4000.0
13743,34,2990.0
8909,50,432.5
10196,50,7980.0
10984,36,159990.0
8391,11,2490.0
6575,38,1530.0
14160,9,1490.0
14783,51,5209.0
13550,27,250.0
14025,34,3800.0
7411,34,7710.0
2850,60,1047.0
9351,37,30000.0
13115,25,1745.0
12099,38,6950.0
2622,22,632.0
12785,50,21100.0
11374,22,3199.0
11400,38,31680.0
2023,25,16990.0
13931,11,150.0
3623,38,7500.0
4339,50,2520.0
14515,34,13199.0
14377,5,2626.0
10420,38,17840.0
3374,57,194.0
991,60,1099.0
6533,22,3719.0
6192,11,4990.0
12880,44,150899.0
6626,34,3195.0
16,25,6990.0
12926,50,3900.0
2438,34,28300.0
501,26,21060.0
7267,47,1790.0
13483,60,611.0
14346,27,15190.0
3886,11,9800.0
4533,41,7990.0
9481,29,850.0
12459,22,110.0
1094,22,2349.0
9391,34,4920.0
11078,34,3540.0
12509,41,10990.0
6423,2,65990.0
9468,38,3400.0
16332,22,11920.0
4333,22,499.0
7990,50,12250.0
4425,29,170.0
9632,38,9786.0
11629,38,9390.0
13043,38,6807.0
14150,41,3310.0
5016,41,11990.0
16697,11,8590.0
3184,41,7300.0
5319,34,3980.0
12050,22,2390.0
10830,60,690.0
14331,26,29990.0
12876,22,20855.0
7906,60,1799.0
2678,22,2799.0
9655,38,34100.0
7843,4,13940.0
2823,50,432.5
5012,60,4159.0
5867,26,979.0
1198,34,14198.0
2588,34,1950.0
14057,52,369.0
11500,38,5239.0
11847,60,414.0
2077,47,8512.0
485,52,578.0
15636,34,4550.0
4785,50,15250.0
2520,34,690.0
7471,50,1890.0
6616,2,69990.0
5883,26,35660.0
1345,47,24190.0
7584,9,990.0
8529,38,41143.0
4354,37,28000.0
13312,38,4800.0
2769,52,514.0
2790,57,224.0
12249,29,2250.0
6644,22,1699.0
3720,22,4399.0
3525,22,1274.0
11204,25,15990.0
12436,50,999.0
3377,38,6406.0
1584,60,1099.0
16611,47,3100.0
12635,52,639.0
8693,34,3530.0
13711,5,1360.0
10065,34,5250.0
16090,22,1530.0
10425,47,420.0
15164,26,21949.0
13806,60,764.0
16223,47,590.0
53,22,799.0
9962,38,3051.0
2820,34,2198.0
7260,11,12840.0
14764,60,879.0
4161,38,37890.0
16126,25,3600.0
16014,26,4989.0
11916,29,3790.0
6131,51,15990.0
536,34,4850.0
5353,22,5590.0
10675,34,3590.0
3615,38,7450.0
5288,38,1699.0
6337,50,498.0
9335,60,769.0
1967,26,44480.0
14483,22,2399.0
8019,34,926.0
5986,44,13890.0
274,22,2800.0
10822,22,2719.0
14759,27,7000.0
2545,22,3490.0
15383,27,895.0
15785,34,10500.0
709,47,1874.0
6017,38,3100.0
8957,22,17500.0
16187,34,92000.0
12760,38,8700.0
10357,38,7500.0
14334,41,14990.0
8394,52,360.0
10665,41,7390.0
15592,22,5990.0
4025,22,2159.0
8983,60,3899.0
12164,34,4540.0
12828,22,1599.0
2281,34,2950.0
11097,22,13920.0
14758,52,303.0
16122,38,5590.0
7375,38,1590.0
14279,11,22990.0
12328,41,6990.0
10924,41,16300.0
2808,52,320.0
353,50,109440.0
9306,22,2845.0
12373,22,1390.0
5967,27,12990.0
8373,16,24900.0
4750,34,12070.0
16937,2,74990.0
8898,22,2899.0
9312,22,4079.0
6392,22,6390.0
13173,11,21400.0
2098,34,19000.0
9177,22,2199.0
2236,60,4239.0
8197,38,6437.0
3430,26,5459.0
7215,34,250.0
16494,38,7990.0
16263,22,4490.0
4184,34,4400.0
3864,38,890.0
8933,25,10010.0
1110,50,432.5
16904,34,3470.0
9436,27,6530.0
16199,60,750.0
13058,3,42.0
9893,22,5999.0
6736,60,2060.0
3582,34,790.0
10403,38,18186.0
8295,38,4170.0
6446,26,37500.0
4453,27,33990.0
2585,27,8500.0
311,34,8780.0
10125,22,7192.0
16617,34,8870.0
7175,22,2100.0
15030,34,3750.0
14236,41,69990.0
5626,34,4440.0
15572,34,2000.0
15424,34,3860.0
12200,5,2200.0
1925,29,1029.0
11958,9,470.0
7,11,10890.0
4338,52,582.0
1067,38,12880.0
10117,50,9900.0
773,25,1600.0
14176,41,2075.0
8300,34,790.0
1846,50,4772.5
11908,22,2899.0
15044,52,315.0
12441,27,6390.0
7704,34,19820.0
10358,34,5840.0
3393,29,994.0
272,46,406.0
4572,34,690.0
334,34,6950.0
11422,16,30900.0
15425,22,2849.0
12553,41,3600.0
3438,25,8890.0
6956,50,372.0
11391,22,1699.0
6442,38,440.0
4427,50,226.0
14885,22,1999.0
10507,52,315.0
9154,4,16080.0
15441,25,39990.0
11274,22,21500.0
9976,27,6890.0
844,16,12000.0
5609,38,16600.0
15293,38,27990.0
16858,11,10720.0
17203,34,3900.0
14022,27,60500.0
8476,27,43850.0
613,22,24375.0
14086,38,4150.0
2501,27,67990.0
16750,50,569.0
9734,4,23290.0
14639,34,4890.0
3608,29,1200.0
3861,4,34900.0
12628,34,5520.0
14384,26,7740.0
14943,41,36990.0
17223,4,16090.0
2383,22,9860.0
6086,60,3799.0
3598,34,3090.0
4870,34,3510.0
4457,57,237.0
5663,57,86.0
13039,22,3890.0
1714,50,432.5
10778,57,5005.0
9785,50,4284.0
14492,34,1025.0
8780,53,1499.0
6353,38,89000.0
7641,47,4719.0
1269,34,5850.0
9609,11,22100.0
8977,5,1870.0
9120,38,19108.0
15563,29,690.0
12591,47,1106.0
4133,2,44990.0
2855,60,837.0
4587,47,6240.0
6182,44,22680.0
16235,34,8500.0
10017,2,36036.0
15551,11,10250.0
3068,22,5568.0
2287,53,21500.0
9234,29,4499.0
9663,22,1128.0
554,34,12900.0
6509,34,3590.0
5731,34,3850.0
12347,67,930000.0
14821,22,4046.0
17475,38,21450.0
17383,27,38400.0
12143,34,3910.0
16296,47,2590.0
2108,27,2503.0
1606,60,2778.0
8623,47,2092.0
1993,34,4530.0
4680,22,12514.0
7671,34,20940.0
5133,52,489.0
397,38,2131.0
8114,34,3940.0
17260,41,3950.0
13763,5,310.0
12952,13,12990.0
5802,44,7990.0
14523,11,7290.0
6652,11,12990.0
14998,5,2920.0
4845,38,9690.0
3237,47,7506.0
4689,34,4700.0
639,41,9990.0
10905,52,615.0
9199,47,36600.0
8440,34,1090.0
13091,11,18000.0
1181,38,15871.0
3754,22,4149.0
12038,22,1274.0
3538,22,2499.0
13467,34,1.0
11909,38,59000.0
4745,22,4990.0
8775,52,413.0
12191,51,2890.0
14867,47,2990.0
2566,60,1111.0
5370,34,2650.0
11021,47,1990.0
4324,22,9490.0
3542,26,4990.0
7134,11,22500.0
10395,34,5970.0
6513,26,41542.0
16416,38,10700.0
16369,38,37450.0
5376,22,9490.0
7231,34,3810.0
9398,27,4200.0
10839,41,7990.0
3997,53,450.0
13663,34,1990.0
13435,38,3024.0
3932,22,7699.0
2371,11,13490.0
1594,34,1290.0
4759,50,310.0
12958,9,2690.0
8585,38,6590.0
6175,60,1119.0
7483,27,87450.0
13900,52,462.0
4526,34,3190.0
15228,25,19949.0
14569,22,4799.0
2893,5,59787.0
12730,34,500.0
3465,47,1162.0
17097,13,14449.0
6155,34,3390.0
14447,50,5440.0
11736,22,5499.0
8423,22,2449.0
2279,38,29900.0
6543,34,3300.0
16740,34,6490.0
7232,11,4790.0
15316,22,3592.0
10399,52,1449.0
17287,34,5770.0
11687,25,11000.0
4023,41,750.0
13499,34,1.0
2222,51,12990.0
13770,29,880.0
13063,38,2190.0
2415,4,12970.0
1489,53,26000.0
7061,34,1890.0
2896,4,11790.0
16426,4,12790.0
9776,38,8900.0
16219,34,16900.0
16179,50,94.0
14340,52,409.0
3285,22,1599.0
6316,60,755.0
12994,41,890.0
13658,11,3990.0
6577,22,1499.0
16379,50,631.0
13016,34,12000.0
8787,60,1996.0
7008,34,13000.0
15677,22,4299.0
2921,22,2449.0
756,52,817.0
4538,60,636.0
2315,38,12490.0
15419,60,542.0
11903,22,4200.0
9427,34,61600.0
560,34,490.0
15802,34,0.0
2512,34,3486.0
6441,38,5700.0
7643,60,1649.0
11719,22,155.0
10477,38,4750.0
15852,29,3252.0
7340,57,126.0
13871,34,5840.0
15566,38,7500.0
6098,44,1290.0
14241,22,3890.0
14825,38,6800.0
14052,22,3102.0
11802,38,20990.0
17432,34,4500.0
10985,22,4998.0
11269,38,13490.0
4367,16,16590.0
12835,50,400.0
15427,34,2690.0
5953,22,2899.0
8236,57,41.0
8890,26,12640.0
3386,34,1890.0
2049,41,8400.0
8408,25,15990.0
1836,22,4999.0
16649,22,5579.0
4553,22,3999.0
5866,47,1690.0
6952,5,499.0
9406,47,2590.0
3250,34,2490.0
6161,47,10890.0
14751,13,2490.0
1777,13,1190.0
12865,38,800.0
7015,9,4590.0
16124,41,1000.0
10701,9,5390.0
13954,47,1571.0
10228,2,24990.0
8285,34,3410.0
3432,41,7990.0
16766,41,3290.0
11264,9,640.0
11791,22,2990.0
5152,34,150.0
10767,13,1790.0
16734,36,15823.0
5368,60,1584.0
11747,60,1279.0
12256,60,661.0
10835,34,9860.0
3893,34,16500.0
6584,38,10170.0
12698,34,17548.0
837,60,335.0
12898,50,1980.0
8398,60,774.0
14258,34,3870.0
7804,34,990.0
6787,27,20390.0
5388,52,589.0
10232,34,4690.0
6452,2,56600.0
13151,44,6990.0
561,34,12000.0
14787,22,2500.0
3915,5,2340.0
14228,22,2209.0
3480,38,4690.0
16905,34,5930.0
14724,47,1190.0
7489,25,2050.0
1529,50,15.0
11282,34,5730.0
13598,60,1599.0
16801,34,190000.0
9670,41,890.0
15512,27,12990.0
8939,47,6590.0
480,34,15900.0
4428,34,9890.0
9055,34,9460.0
1205,34,0.0
13210,38,20990.0
15295,38,3390.0
14413,47,3149.0
13937,50,213.0
767,41,21990.0
3076,34,7840.0
17248,22,463.0
2804,34,3450.0
5752,44,49990.0
8393,52,372.0
13301,41,38990.0
8027,38,21490.0
17183,34,4980.0
11626,50,5350.0
14158,41,4990.0
10859,47,1102.0
9173,57,99.0
14141,22,2249.0
5859,22,21490.0
10735,60,3119.0
674,47,220.0
6003,38,1050.0
4123,5,5351.0
16310,50,6089.0
12587,27,2490.0
13385,60,2999.0
6213,34,4980.0
11192,47,2145.0
13557,60,1196.0
6966,16,31699.0
11843,5,433.0
16609,41,650.0
4811,38,13490.0
13035,22,35990.0
3613,29,2690.0
6874,50,2195.0
8262,22,6990.0
16111,41,41990.0
17396,22,5890.0
16903,34,2090.0
13019,22,2999.0
16523,38,3380.0
7444,34,4950.0
5128,60,2179.0
6359,38,25000.0
13379,38,1890.0
9390,2,17990.0
15135,50,1040.0
14389,38,12960.0
12733,22,899.0
3777,16,78990.0
3402,34,13000.0
9605,44,10990.0
13717,41,9990.0
9627,41,18990.0
907,22,2998.0
6634,22,2990.0
5666,38,9580.0
13882,27,21290.0
7345,27,5900.0
5833,50,1040.0
7213,47,1138.0
7468,60,701.0
3411,22,2099.0
12515,38,9480.0
9447,22,3999.0
9493,34,8500.0
14397,26,46990.0
749,38,7900.0
9130,47,2526.0
14578,34,5990.0
2285,60,840.0
1910,22,569.0
14103,34,5200.0
1079,34,4870.0
5375,50,3090.0
15477,5,9200.0
17243,27,6999.0
15745,11,11920.0
14463,50,6905.0
11954,9,590.0
8276,38,8990.0
15727,38,12400.0
16127,2,1200.0
5791,11,22990.0
6829,50,432.5
10363,5,3490.0
13504,47,250.0
9629,41,1190.0
4612,22,6993.0
11854,26,4290.0
10452,22,1900.0
15772,52,560.0
16553,22,3749.0
6997,38,5610.0
633,47,1800.0
3032,47,1470.0
15407,34,3870.0
13881,47,55000.0
9823,34,7700.0
5957,34,3890.0
12014,11,240000.0
7769,60,842.0
11132,34,8000.0
10429,60,690.0
3507,38,119000.0
16714,26,22990.0
3223,38,462.0
16695,22,5499.0
2981,38,12139.0
254,47,931.0
11565,22,5103.0
13817,50,1040.0
5418,27,14390.0
5682,34,4440.0
6328,38,2131.0
4777,57,749.0
16946,60,889.0
10911,5,2642.0
2100,22,4949.0
6949,57,180.0
1479,22,2349.0
7750,26,1359.0
12011,34,3770.0
12537,26,923.0
9741,44,11990.0
13601,38,9900.0
9382,29,750.0
15470,22,3299.0
2764,22,1849.0
3397,29,4090.0
12889,34,4090.0
10696,11,100.0
9906,5,1700.0
496,34,3970.0
11514,25,39990.0
13758,38,990.0
17414,34,7000.0
1319,25,13500.0
9871,27,3999.0
17107,34,12800.0
15263,37,35000.0
11004,51,12990.0
4473,22,2899.0
12912,57,708.0
14188,41,4490.0
180,34,4800.0
4246,22,5200.0
10296,38,18030.0
9901,38,929.0
7255,60,2099.0
12648,13,1190.0
2304,34,3390.0
722,27,22990.0
4310,60,1649.0
11103,27,24582.0
17415,47,3290.0
9832,34,4590.0
13723,34,250.0
4442,60,762.0
12609,5,1000.0
15888,38,3350.0
14703,22,3752.0
16095,22,3900.0
9086,41,12990.0
11441,50,640.0
8871,34,9870.0
15400,25,27427.0
6474,41,4790.0
17497,38,1700.0
1998,51,12069.0
11214,38,22300.0
4426,60,2499.0
2926,29,8499.0
7699,22,2249.0
8277,38,10120.0
14092,41,59990.0
1454,29,2400.0
4666,16,899.0
2691,25,3490.0
13574,27,4999.0
5270,60,892.0
16943,47,370.0
7672,38,13200.0
6042,34,1190.0
14935,60,1099.0
10741,50,6605.0
9919,27,4999.0
1649,34,5190.0
15377,22,5832.0
14018,22,14900.0
13599,34,26200.0
4530,38,1790.0
4643,44,1990.0
1403,57,89.0
1884,16,17990.0
12320,60,2199.0
12178,60,2249.0
4857,34,3990.0
3460,38,15900.0
13591,22,1274.0
4984,60,1189.0
13750,22,4893.0
13716,34,4820.0
5520,34,4840.0
10634,22,1899.0
4058,41,7990.0
8016,50,8700.0
11146,38,5700.0
9444,47,1062.0
11343,38,15090.0
7245,22,599.0
15731,27,3490.0
3870,9,7990.0
11207,44,27990.0
8030,60,1119.0
1494,34,17400.0
5232,34,4700.0
17229,38,3900.0
7144,22,2449.0
8897,50,13509.0
8057,38,8860.0
5305,13,1290.0
12917,26,1498.0
3264,38,3200.0
15081,60,778.0
17381,9,7990.0
15927,60,599.0
12516,27,690.0
12180,38,2349.0
8451,52,541.0
4004,11,2120.0
13215,27,650.0
2239,34,7550.0
127,34,4430.0
4353,11,7190.0
11663,34,1.0
8202,52,741.0
8275,16,17085.0
10761,13,2990.0
217,22,1399.0
3434,27,5600.0
5758,60,2649.0
1334,11,250000.0
13117,47,2590.0
5652,60,1077.0
1444,22,4999.0
16482,2,57990.0
14811,27,2790.0
11283,50,119.0
2307,38,12350.0
12295,44,5490.0
161,60,359.0
3536,60,635.0
12528,34,3920.0
910,34,4550.0
6049,26,2619.0
1382,47,1390.0
3122,53,175000.0
5662,60,1359.0
6499,34,3590.0
4994,26,3504.0
8383,38,18990.0
2948,22,2990.0
2385,22,2279.0
612,22,5999.0
3810,22,845.0
10273,38,3290.0
7135,25,26990.0
13190,38,4464.0
12810,22,3249.0
9283,25,12990.0
14418,41,13990.0
1666,22,9990.0
13804,38,47700.0
5914,50,47.0
12278,4,17430.0
17326,38,35000.0
11321,22,3499.0
11942,26,14130.0
5744,22,1799.0
9644,38,4900.0
581,41,450.0
8894,34,6500.0
5919,53,4200.0
15646,34,4880.0
6251,34,5840.0
4574,29,3053.0
7783,60,1198.0
14114,34,4490.0
15922,34,4830.0
1822,60,1399.0
8081,50,10900.0
16720,9,360.0
4278,60,1582.0
17378,22,5499.0
4546,29,1000.0
6092,50,826.0
9676,60,4159.0
15600,50,16300.0
1379,26,23793.0
530,41,11990.0
5015,38,9300.0
9174,25,2100.0
2938,27,88000.0
7023,41,38990.0
11571,27,19999.0
2576,60,599.0
13453,29,310.0
3314,47,2481.0
245,22,2464.0
9042,34,3400.0
11067,34,1.0
716,27,29490.0
452,57,104.0
2783,60,1039.0
2547,27,10250.0
2711,34,4940.0
17265,5,1260.0
3462,34,5500.0
1681,34,4970.0
511,34,815.0
4718,36,9000.0
16489,25,13013.0
15707,38,8850.0
4462,11,16500.0
4945,60,3499.0
717,26,10385.0
16308,27,18490.0
12710,26,31990.0
8577,22,4490.0
3667,50,1290.0
7242,26,7419.0
15186,22,1599.0
8109,34,3820.0
5407,22,2749.0
6946,47,20690.0
4693,50,498.0
1021,34,7740.0
5168,4,24900.0
3274,53,24800.0
14041,27,16650.0
10101,41,2750.0
7869,34,4810.0
8251,50,2450.0
56,57,649.0
17332,34,3940.0
9183,5,462.0
15543,11,2990.0
8150,34,2910.0
13911,22,599.0
16658,60,1154.0
5043,60,1399.0
17486,5,19465.0
5021,53,19500.0
4842,22,2799.0
6529,41,11990.0
8029,22,500.0
15836,34,6000.0
9408,60,1899.0
15398,27,13000.0
15250,60,959.0
10179,5,711.0
110,26,1690.0
4729,50,4095.0
8375,26,15389.0
4164,34,1850.0
17165,34,55200.0
17343,60,819.0
6994,38,59000.0
198,29,950.0
3177,41,39990.0
1835,38,16000.0
7504,34,58000.0
13866,50,187122.0
10690,22,16490.0
10464,50,3790.0
9416,27,23999.0
13295,50,3743.0
6657,60,2399.0
15397,22,7999.0
5834,34,4810.0
10594,34,4830.0
2350,25,1690.0
1154,26,30850.0
4440,57,563.0
2066,47,2250.0
11303,29,2300.0
8463,38,5980.0
9641,38,3609.0
5177,34,5590.0
15126,37,10000.0
11677,34,11850.0
6134,41,40490.0
518,22,2490.0
13959,60,4999.0
632,22,2590.0
14161,38,7590.0
2469,5,610.0
3519,38,269000.0
9677,22,2899.0
6597,13,20799.0
10636,26,4490.0
2892,38,3650.0
11880,22,7140.0
13524,27,25490.0
4937,22,2079.0
9558,41,31990.0
10515,27,1600.0
11280,34,790.0
13957,29,4690.0
8196,38,17060.0
4940,16,4319.0
2286,16,1299.0
1328,36,54990.0
5792,60,1499.0
10392,38,249990.0
7889,50,1750.0
17398,29,2084.0
11308,52,397.0
16709,41,6638.0
13228,60,999.0
11405,44,16409.0
10248,38,26850.0
16839,60,340.0
6650,60,383.0
6365,22,10719.0
3572,22,3645.0
9135,38,9960.0
10345,13,2490.0
9653,22,10999.0
16476,34,15870.0
13045,35,878.0
9651,67,600000.0
3129,22,879.0
9746,26,7200.0
13439,34,4000.0
10323,22,1999.0
9035,41,3003.0
12287,41,3990.0
887,41,650.0
13847,50,596.0
15610,27,13490.0
11309,27,5259.0
1378,38,6800.0
3117,36,34990.0
13767,38,13500.0
3014,47,5650.0
17228,41,1890.0
1546,22,5832.0
2032,34,1.0
10972,34,3500.0
13179,38,16414.0
4920,38,20990.0
5330,11,13590.0
3031,22,21500.0
6465,60,2999.0
12362,34,24100.0
8172,22,5200.0
13417,52,1026.0
381,41,590.0
11366,51,619.0
3398,26,19243.0
9026,41,280.0
15791,41,20990.0
6591,38,2500.0
10529,38,19350.0
7017,11,6290.0
592,34,1390.0
3749,34,4920.0
5034,26,6000.0
5338,60,1331.0
1671,4,12990.0
2228,60,538.0
842,34,8740.0
15789,34,4500.0
9989,22,849.0
8006,27,900.0
12469,60,969.0
17098,25,2430.0
9574,34,3460.0
8713,60,1872.0
5696,52,380.0
4395,38,750.0
13643,38,35410.0
5086,22,2599.0
6970,22,1512.0
4030,60,1946.0
16864,34,2890.0
15534,38,1200.0
17049,34,7740.0
8964,34,2790.0
283,60,388.0
7003,22,1519.0
10553,60,1119.0
15438,34,4420.0
17304,22,2190.0
5280,60,1499.0
10591,22,2889.0
10006,38,9291.0
8635,22,5349.0
15940,41,39990.0
4177,60,1499.0
11722,50,4391.0
16527,34,3200.0
3423,22,3200.0
10512,50,879.0
8293,34,8890.0
9724,29,2576.0
9412,34,3000.0
9128,60,1279.0
266,27,4000.0
814,41,5000.0
7370,34,5880.0
3977,38,5290.0
12019,34,3090.0
11758,50,1460.0
6514,22,4690.0
2015,26,5150.0
15239,38,13900.0
9304,60,2185.0
7327,51,2990.0
6506,38,12400.0
8466,38,38062.0
7186,22,2199.0
9188,50,50.0
2000,57,62.0
1410,36,49990.0
12420,22,1359.0
5348,16,23188.0
10423,60,2442.0
3110,34,1690.0
16050,34,3950.0
3787,47,2099.0
2471,34,12850.0
14891,27,19990.0
17455,47,15990.0
8662,34,2400.0
15131,60,1649.0
3690,50,2590.0
7772,50,1040.0
16285,38,10750.0
769,34,3530.0
8565,41,2990.0
14921,60,799.0
8860,38,7040.0
13274,50,16700.0
17298,34,4500.0
12314,46,3751.0
15097,41,7990.0
2492,34,2015.0
13458,51,5690.0
10269,60,1444.0
10431,38,4950.0
523,41,14490.0
17078,29,730.0
14496,27,18990.0
13364,16,8249.0
12754,38,8700.0
16258,34,1.0
2940,60,979.0
10280,26,15600.0
16906,50,1290.0
9058,38,14990.0
9763,47,15420.0
9044,60,969.0
6022,26,13990.0
10091,38,12250.0
9010,5,496.0
2339,44,31990.0
12280,5,7950.0
16372,22,1399.0
3530,22,1490.0
6085,60,4799.0
16059,38,7880.0
1801,34,4790.0
14510,41,24490.0
7515,34,4960.0
157,60,2639.0
4582,57,499.0
15904,51,2810.0
13341,22,2399.0
7918,50,6450.0
11564,60,1044.0
11020,41,9500.0
10606,38,3900.0
5117,38,2195.0
5646,5,238.0
2922,34,12000.0
6114,34,390.0
14575,57,749.0
1027,34,4500.0
11460,38,2320.0
14930,16,25738.0
0,38,7950.0
12564,27,49990.0
4743,44,29989.0
16142,60,1529.0
17170,29,5290.0
2702,41,15990.0
10914,13,1539.0
9932,27,1600.0
8462,34,6000.0
14181,22,4199.0
14405,47,615.0
14936,27,8500.0
12499,22,4193.0
2607,38,16990.0
2751,26,12589.0
5142,38,63700.0
11927,34,1190.0
15031,27,1490.0
5031,27,980.0
6730,16,8290.0
17356,29,950.0
833,25,32990.0
8682,38,2297.0
10963,34,5870.0
3508,22,747.0
8729,38,8280.0
13987,44,100.0
10482,38,1750.0
10996,34,125000.0
11840,34,9990.0
10249,38,5822.0
3217,34,2050.0
1230,34,6890.0
11324,47,4390.0
8673,47,5399.0
1011,38,3739.0
15951,38,3640.0
1496,47,8390.0
14801,50,15000.0
6921,41,990.0
12627,27,420.0
15013,22,4099.0
2529,26,7050.0
5729,38,7430.0
8414,16,2639.0
439,16,83950.0
10474,34,4390.0
1580,47,858.0
11996,50,432.5
2358,34,3590.0
2169,38,9250.0
14893,34,4560.0
13110,29,1180.0
8634,34,15600.0
14142,22,1399.0
12463,22,1099.0
15324,38,3632.0
13266,60,829.0
13732,50,11480.0
11212,50,554.0
8633,44,15990.0
6081,22,1999.0
3152,50,125.0
9175,26,5722.0
14911,9,770.0
10756,27,23999.0
17329,37,12000.0
5519,26,11000.0
9758,41,399.0
6889,34,33000.0
11475,2,15990.0
3405,53,99000.0
7694,53,107355.0
13953,57,479.0
9445,52,407.0
12867,29,4289.0
3682,34,8755.0
11296,38,4700.0
1778,2,28990.0
14191,50,1275.0
14686,34,3743.0
171,5,2188.0
8452,44,4490.0
11178,34,125.0
11876,41,9990.0
6942,34,1400.0
1908,34,2069.0
10940,38,10400.0
404,38,24450.0
16883,34,4490.0
2328,34,1490.0
3134,22,5440.0
7850,60,1799.0
6159,11,1190.0
7510,22,2599.0
17418,5,2690.0
1434,11,4000.0
10137,47,1675.0
14445,50,4772.5
140,35,306.0
5164,34,7000.0
6380,22,4399.0
16667,38,19179.0
16496,22,2759.0
4092,34,3590.0
3340,34,3595.0
8998,67,420000.0
15580,34,1590.0
9743,41,3990.0
6082,38,8270.0
11249,22,12990.0
10934,46,2591.0
6640,26,4969.0
2507,38,2110.0
8710,60,4099.0
5771,41,6525.0
2474,27,2850.0
6571,41,3590.0
14669,22,695.0
3768,41,14990.0
16902,60,713.0
9285,38,1899.0
13936,26,659.0
5563,22,10990.0
10625,26,389.0
721,53,218790.0
14318,47,2738.0
1107,22,7849.0
11,50,11970.0
6699,57,1599.0
1715,47,407.0
15381,29,1290.0
16763,29,4259.0
1208,60,599.0
11253,34,7300.0
1320,34,2090.0
10679,26,5299.0
12924,41,15990.0
7517,4,21490.0
11793,38,30300.0
5227,34,3840.0
10084,60,2161.0
5831,29,440.0
4094,38,6870.0
4831,38,11780.0
8152,41,750.0
12834,5,23060.0
11485,60,1679.0
10555,25,7490.0
16756,38,58990.0
3245,27,2850.0
13590,22,739.0
16691,27,36036.0
16130,22,1679.0
3055,47,10990.0
4251,22,2300.0
12931,29,3779.0
3778,34,2500.0
15318,60,2000.0
5768,34,4535.0
4369,50,3360.0
3780,22,1444.0
4238,38,8990.0
1991,34,5870.0
2852,22,1649.0
5547,27,4999.0
6305,22,2749.0
13382,34,4690.0
4758,38,2190.0
11458,22,17990.0
6851,47,990.0
16568,38,2127.0
429,34,8540.0
1167,29,950.0
2310,51,10990.0
16178,60,1279.0
10762,60,599.0
1690,50,35894.0
3448,38,8550.0
10355,25,1790.0
2690,22,3890.0
15267,27,19990.0
9181,38,14520.0
6633,22,4392.0
8297,29,950.0
14201,53,26000.0
12288,60,1178.0
5590,5,11990.0
7573,60,999.0
3083,38,869.0
4378,52,1630.0
8056,34,3780.0
6792,52,621.0
7002,11,1330.0
396,22,1199.0
12542,60,398.0
9705,34,6500.0
3008,47,9090.0
7550,41,58990.0
16889,22,3349.0
4424,38,10800.0
15967,29,2059.0
6955,29,3490.0
9593,22,1599.0
11038,38,497.0
12174,47,1323.0
11811,27,57490.0
5732,38,2871.0
13064,53,1000.0
183,26,156156.0
8639,22,1490.0
13450,41,37620.0
3621,47,750.0
908,34,1.0
879,22,1614.0
3162,50,3475.0
5064,22,2899.0
9673,16,1200.0
11421,22,3190.0
11718,9,3639.0
11172,52,550.0
322,13,2990.0
5542,16,27590.0
7006,50,3990.0
11931,25,16990.0
13461,27,20990.0
8401,34,12750.0
10406,5,12828.0
1926,38,47000.0
13703,50,93.0
4152,38,32250.0
2347,60,758.0
12439,38,2990.0
3590,29,1030.0
6510,60,1039.0
7347,50,1384.0
15395,27,23999.0
11201,53,28960.0
9200,60,774.0
9947,38,6479.0
16956,34,3890.0
2740,29,7130.0
12325,50,10400.0
13421,50,7805.0
16419,34,5420.0
4189,34,2850.0
2832,34,569.0
15521,34,3390.0
7361,60,585.0
896,60,1996.0
3916,11,12220.0
8557,34,12430.0
145,5,4790.0
5930,26,6290.0
8045,22,3199.0
4608,26,5390.0
11034,34,4290.0
13516,57,46.0
436,5,68800.0
14836,60,1822.0
6890,34,2800.0
1883,34,990.0
9420,5,930.0
8688,50,4190.0
7679,25,6490.0
12158,57,31.0
4061,53,23000.0
16052,60,560.0
13386,34,16900.0
5389,25,12790.0
12257,34,13000.0
11420,5,898.0
10563,26,29770.0
13156,38,17200.0
1149,34,2346.0
14941,34,4820.0
12055,22,2499.0
10445,22,990.0
8083,50,738.0
15002,26,15138.0
14702,22,4639.0
10582,41,13990.0
6141,38,490.0
4403,50,6390.0
10979,38,9300.0
13452,26,42042.0
3674,13,22159.0
16218,27,17990.0
2489,50,5180.0
1513,27,16517.0
4095,22,6490.0
10307,22,3290.0
3793,22,3190.0
11482,22,1113.0
6170,22,3999.0
4678,26,16490.0
15781,34,5500.0
9591,38,7550.0
3894,41,1290.0
6009,26,33800.0
11882,29,4390.0
10049,38,10240.0
16784,16,54569.0
16257,34,3840.0
14239,11,12500.0
11643,11,4890.0
13718,60,1399.0
10204,34,8730.0
15930,38,6650.0
5473,50,10695.0
2909,29,3280.0
8563,47,3431.0
1544,57,64.0
9767,38,5317.0
1375,38,790.0
3847,34,4830.0
2840,22,15200.0
644,50,2490.0
14051,22,690.0
10483,52,2124.0
4436,2,29990.0
4212,38,990.0
14883,41,6990.0
7695,60,1049.0
15999,34,135000.0
16939,60,768.0
2886,41,1690.0
10279,34,3290.0
6276,34,4900.0
8119,25,18990.0
14656,60,2099.0
11194,38,7450.0
17121,38,1750.0
8986,34,31000.0
13782,38,25000.0
17413,22,7999.0
13236,60,2199.0
15221,26,8542.0
13526,38,28900.0
11726,22,5450.0
4490,47,1496.0
11779,60,2799.0
17187,41,18490.0
13378,34,6790.0
13721,41,6990.0
4837,34,2250.0
5383,34,3940.0
12634,60,2099.0
9249,29,790.0
10121,34,5500.0
16623,22,6993.0
16563,34,2690.0
4291,3,359.0
7563,60,343.0
2828,22,5752.0
6608,22,3839.0
15505,34,1990.0
1568,22,5999.0
12169,50,9950.0
5322,22,1079.0
13647,38,3590.0
15426,57,1899.0
5354,34,3840.0
1990,22,2399.0
9223,47,2553.5
4606,34,9710.0
1539,26,19019.0
16272,47,25500.0
1389,60,999.0
5022,22,4990.0
10620,34,3390.0
15756,11,59000.0
1718,60,1655.0
15158,52,555.0
13858,27,1790.0
663,22,3249.0
739,38,3000.0
5873,38,10000.0
9831,22,1879.0
10712,52,354.0
972,27,3490.0
5367,34,1790.0
4761,22,6599.0
3098,34,926.0
1644,22,2749.0
16727,34,5490.0
2209,38,9950.0
14060,27,1000.0
490,60,3374.0
6817,57,144.0
550,50,12600.0
8526,38,5400.0
9688,22,4500.0
2212,38,10620.0
17150,38,6950.0
13196,47,5600.0
2546,34,1000.0
6927,34,3810.0
8609,38,6900.0
9469,22,2490.0
256,34,5000.0
15440,52,311.0
14946,22,4449.0
7358,34,790.0
1175,22,6993.0
12959,41,16990.0
899,2,25999.0
5952,22,2690.0
6046,38,1100.0
9015,60,1146.0
13389,50,877.0
14209,34,2290.0
14871,34,14253.0
14044,22,503.0
12751,22,845.0
2320,50,7945.0
14577,34,2900.0
6139,22,11990.0
9781,50,636.0
14663,60,383.0
15200,38,13000.0
3093,60,1199.0
2062,11,13890.0
10129,50,6508.0
7796,47,2990.0
12075,34,1290.0
17424,50,5319.0
8480,52,312.0
16060,50,12997.0
14010,38,1900.0
7082,34,3590.0
5524,34,3063.0
6123,36,11999.0
3384,22,2749.0
919,9,3719.0
9291,25,45690.0
11888,22,2990.0
7413,13,3790.0
16078,41,390.0
15116,41,19990.0
5178,41,6490.0
12343,4,27070.0
2072,22,890.0
3752,41,30.0
3052,51,19990.0
5359,22,1759.0
115,22,1879.0
9208,34,4190.0
10709,27,3500.0
4626,47,3590.0
95,60,6299.0
9898,60,678.0
11976,22,2999.0
6448,44,40990.0
14011,27,3590.0
10608,26,43043.0
11432,22,1990.0
6914,26,1942.0
8294,22,5984.0
9262,38,7450.0
16093,22,3000.0
11039,22,3299.0
12575,38,57400.0
5994,25,12490.0
17286,27,18487.0
7432,22,3699.0
14096,34,6950.0
13208,34,15900.0
502,11,2650.0
5501,41,23990.0
16007,60,478.0
12224,35,560.0
12360,38,11790.0
7911,50,2210.0
7086,22,18990.0
570,41,5990.0
8102,22,1299.0
16887,46,1935.0
8618,60,4479.0
7348,47,1790.0
15342,11,10100.0
1554,22,2999.0
17257,57,3999.0
10048,60,891.0
17409,22,2621.0
10983,60,1199.0
3358,26,18500.0
7488,41,990.0
4686,34,5800.0
6101,38,5350.0
8228,47,7200.0
10890,22,2099.0
9963,50,52100.0
16519,60,1099.0
11685,34,0.0
14646,50,739.0
1073,60,1099.0
12562,34,5760.0
11184,22,13980.0
5236,50,235154.0
8174,34,4970.0
5190,22,1189.0
12972,38,16800.0
4274,22,10990.0
9564,38,9810.0
10494,47,2690.0
4995,22,4149.0
2342,34,1.0
10446,34,3000.0
14790,38,7490.0
6636,22,1099.0
4558,22,5600.0
15255,57,53.0
13706,41,4990.0
5840,57,207.0
6700,34,1990.0
8680,38,9500.0
16448,38,14040.0
12201,22,4929.0
15296,44,1490.0
5823,38,2250.0
458,41,24990.0
9176,34,7800.0
1965,50,4690.0
14200,60,3119.0
9334,27,31490.0
7322,52,1987.0
9556,44,3490.0
5521,34,5000.0
10350,34,3050.0
16364,27,15490.0
6091,50,19578.0
5377,34,8800.0
7940,34,28000.0
2803,38,9500.0
11741,5,1480.0
5212,38,9300.0
13545,27,6500.0
3664,22,2899.0
12113,9,780.0
15570,22,3983.0
15638,22,5690.0
15573,60,819.0
2524,22,999.0
7101,60,4239.0
4162,38,4999.0
4548,22,2249.0
12185,60,1320.0
9761,34,4190.0
10115,25,11990.0
17207,22,9499.0
13657,44,219990.0
12969,34,990.0
224,27,5490.0
7727,47,2500.0
11152,41,1290.0
9196,38,3850.0
14983,22,4990.0
2003,34,4910.0
3013,50,30585.0
4467,22,1500.0
16048,34,2090.0
5329,50,226.0
7691,38,2276.0
11600,22,3849.0
4751,38,3500.0
17362,38,1380.0
15581,34,4400.0
1670,22,3290.0
16378,22,1999.0
9259,38,40860.0
10033,50,596.0
2241,50,5790.0
15046,11,110000.0
7612,60,799.0
16735,51,2560.0
5941,22,12940.0
940,41,490.0
864,9,1190.0
14588,27,4750.0
14102,34,3950.0
13890,38,20010.0
1667,38,5650.0
766,38,24650.0
10075,34,4950.0
14986,22,2999.0
2860,50,5530.0
218,22,4079.0
15810,38,25000.0
8410,22,11490.0
7331,41,1290.0
4458,22,3449.0
13438,34,3490.0
9601,2,23423.0
8205,50,1890.0
5211,5,890.0
16803,38,31740.0
2071,34,3960.0
16316,34,3290.0
207,50,2190.0
7278,27,2990.0
2814,38,11000.0
2685,50,11150.0
3848,27,38400.0
10156,34,40000.0
11155,34,5830.0
12472,34,4920.0
8541,34,5500.0
13811,47,360.0
9882,50,5990.0
3260,27,1790.0
2928,60,3599.0
947,38,29990.0
16088,38,4390.0
12465,34,4118.0
3517,26,49000.0
7645,4,34591.5
10146,27,15290.0
14776,47,659.0
14881,50,9890.0
14206,26,11990.0
1455,51,12990.0
8335,13,3790.0
4500,67,1450000.0
3210,60,890.0
5137,34,5000.0
17485,60,569.0
2080,41,6440.0
7753,60,949.0
13444,38,50802.0
7207,5,9350.0
3199,41,46967.0
1365,22,1019.0
5149,11,6290.0
11752,41,19990.0
8203,41,12490.0
9879,34,5988.0
15934,22,2039.0
16326,34,3440.0
13478,53,13500.0
7934,38,10000.0
1004,34,3490.0
7157,38,13990.0
11953,38,12000.0
4987,22,3299.0
10825,34,4250.0
16460,38,93.0
868,50,2090.0
5737,41,7849.5
9,37,25000.0
9501,22,4999.0
3192,47,1290.0
4065,27,63490.0
2388,34,4590.0
8072,34,23900.0
11130,60,507.0
10441,60,660.0
15456,27,490.0
849,34,6500.0
5111,29,11595.0
